survey_year,level,essential,indicator_slug,indicator,asked_of,description,question_stem
2022,essential,5Essentials,overall,5Essentials,,[Template syntax error with essential text overview: Could not parse the remainder: '=' from '='],
2022,essential,Ambitious Instruction,instruction,Ambitious Instruction,,"In schools with strong Ambitious Instruction, classes are challenging and engaging. The instruction is clear, well-structured, and encourages students to build and apply knowledge. When combined with a supportive environment, Ambitious Instruction has the most direct effect on student learning. It is: well-defined with clear expectations for student success, interactive and encourages students to build and apply knowledge, well-paced (not measured), and aligned across grades (not measured).",
2022,essential,Collaborative Teachers,teachers,Collaborative Teachers,,"In schools with strong Collaborative Teachers, all teachers collaborate to promote professional growth. In such schools, teachers are: active partners in school improvement, committed to the school, and focused on professional development.",
2022,essential,Effective Leaders,leaders,Effective Leaders,,"In schools with Effective Leaders, principals and teachers work together to implement a shared vision. In such schools, people, programs, and resources are focused on a vision for sustained improvement. Leaders: practice shared leadership, set high goals for quality instruction, maintain mutually trusting and respectful relationships, support professional advancement for faculty and staff, and manage resources for sustained program improvement (not measured).",
2022,essential,Involved Families,families,Involved Families,,"In schools with Involved Families, the entire staff builds strong external relationships. Such schools: see parents as partners in helping students learn, value parents' input and participation in advancing the school's mission, and support efforts to strengthen its students' community resources.",
2022,essential,Supplemental Measures,_supplemental,Supplemental Measures,,,
2022,essential,Supportive Environment,environment,Supportive Environment,,"In schools with a Supportive Environment, the school is safe, demanding, and supportive. In such schools: students feel safe in and around the school, they find teachers trust-worthy and responsive to their academic needs, all students value hard work, and teachers push all students toward high academic performance.",
2022,measure,Ambitious Instruction,pres,Academic Press,Student,Teachers expect students to do their best and to meet academic demands.,Students report the following about one specific class:
2022,measure,Ambitious Instruction,engl,English Instruction,Student,Students interact with course material and one another to build and apply critical reading and writing skills.,Students report doing the following in English class:
2022,measure,Ambitious Instruction,math,Math Instruction,Student,Students interact with course material and one another to build and apply knowledge in their math classes.,Students report that they do the following in math class:
2022,measure,Ambitious Instruction,sdis,Quality of Student Discussion,Teacher,Students participate in classroom discussions that build their critical thinking skills.,Teachers report the following about classroom discussions:
2022,measure,Collaborative Teachers,colb,Collaborative Practices,Teacher,Teachers observe each others' practice and work together to review assessment data and develop instructional strategies.,Teachers report how often they have done the following:
2022,measure,Collaborative Teachers,colr,Collective Responsibility,Teacher,"Teachers share a strong sense of responsibility for student development, school improvement, and professional growth.",Teachers report that other teachers in the school:
2022,measure,Collaborative Teachers,qpd2,Quality Professional Development,Teacher,Professional development is rigorous and focused on student learning.,Teachers report that professional development this year has:
2022,measure,Collaborative Teachers,scmt,School Commitment,Teacher,Teachers are deeply committed to the school.,Teachers report the following:
2022,measure,Collaborative Teachers,trte,Teacher-Teacher Trust,Teacher,"Teachers are supportive and respectful of one another, personally and professionally.",Teachers report the following:
2022,measure,Effective Leaders,ins3,Instructional Leadership,Teacher,The school leadership team sets high standards for teaching and student learning.,Teachers report that a member of the school leadership team:
2022,measure,Effective Leaders,pgmc,Program Coherence,Teacher,School programs are coordinated and consistent with its goals for student learning.,Teachers report the following:
2022,measure,Effective Leaders,inf3,Teacher Influence,Teacher,Teachers have influence in a broad range of decisions regarding school policies and practices.,Teachers report having influence on:
2022,measure,Effective Leaders,trpr,Teacher-Principal Trust,Teacher,Teachers and principals share a high level of mutual trust and respect.,Teachers report the following:
2022,measure,Involved Families,pnfl,Parent Influence on Decision Making in Schools,Teacher,The school has created opportunities for parents to participate in developing academic programs and influencing school curricula.,Teachers report that the school:
2022,measure,Involved Families,prt4,Parent Involvement in School,Teacher,Parents are active participants in their child's schooling.,Teachers report that students' parents:
2022,measure,Involved Families,trpa,Teacher-Parent Trust,Teacher,Teachers and parents are partners in improving student learning.,Teachers report the following:
2022,measure,Supplemental measures,engg,Academic Engagement,Student,Students are interested and engaged in learning.,Students report:
2022,measure,Supplemental measures,cdis1,Classroom Disruptions,Teacher,Teachers report on the degree to which other students disrupt their learning.,Teachers report that students in their classrooms:
2022,measure,Supplemental measures,rigr,Classroom Rigor,Student,Teachers encourage all students to make connections and seek multiple perspectives through their coursework.,Students report that the teacher in their target class:
2022,measure,Supplemental measures,clar,Course Clarity,Student,Students are provided clear learning goals and instruction that supports achievement.,Students report the following about one specific class:
2022,measure,Supplemental measures,emhl,Emotional Health,Student,Students have the skills to nurture positive and respectful relationships with others.,Students report:
2022,measure,Supplemental measures,grit,Grit,Student,Students sustain interest and effort toward long-term goals.,Students report:
2022,measure,Supplemental measures,humr,Human & Social Resources in the Community,Student,Students come from communities where there are adults they can trust who provide a safe environment.,Students report the following about their community:
2022,measure,Supplemental measures,futr,Importance of High School for the Future,Student,Students recognize that working hard during high school is important and that high school is preparing them for their life after graduation.,Students report:
2022,measure,Supplemental measures,innv,Innovation,Teacher,Teachers have a strong orientation toward improvement and a willingness to be a part of an active learning environment.,Teachers report that:
2022,measure,Supplemental measures,scie,Inquiry-Based Science Instruction,Student,"Students conduct scientific investigations, including generating and testing hypotheses, writing lab reports and using laboratory equipment.",Students report doing the following in science class:
2022,measure,Supplemental measures,prs2,Parent Supportiveness,Student,Parents support their children emotionally and developmentally.,Students report the following about their parents. My parents:
2022,measure,Supplemental measures,refd,Reflective Dialogue,Teacher,"Teachers frequently talk with each other about curriculum, instruction, and student learning.",Teachers report having conversations with colleagues about:
2022,measure,Supplemental measures,stdy,Rigorous Study Habits,Student,Students set aside time for schoolwork and give priority to studying.,Students report that:
2022,measure,Supplemental measures,pssm,School Connectedness,Student,Students feel included in their school’s community.,Students report the following:
2022,measure,Supplemental measures,ssaf,School Safety,Student,"Students encounter very little crime, violence, or bullying at school.",Students report  that:
2022,measure,Supplemental measures,socz,Socialization of New Teachers,Teacher,New teachers are included in the professional community and are given helpful feedback on their instructional practices.,Teachers report the following:
2022,measure,Supplemental measures,peer,Student Peer Relationships,Student,"Students treat each other with respect, work well together, and help each other learn.",Students report that their school peers:
2022,measure,Supplemental measures,prti,Student Responsibility,Teacher,Students are active participants in their own learning and regularly attend class prepared to learn.,Teachers report that their students:
2022,measure,Supplemental measures,tsaf,Teacher Safety,Teacher,"Teachers report little or no disorder in the hallways, physical conflict among students, vandalism, robbery or theft, and threats of violence against teachers.",Teachers report how much each of the following is a problem:
2022,measure,Supportive Environment,perc,Academic Personalism,Student,Teachers connect with students in the classroom and support them in achieving academic goals.,Students report that their teacher:
2022,measure,Supportive Environment,uexp,Expectations for Postsecondary Education,Teacher,The school expects all students to attend college and promotes college-readiness.,Teachers report that:
2022,measure,Supportive Environment,acno,Peer Support for Academic Work,Student,Students demonstrate behaviors that lead to academic achievement.,Students report that their classroom peers:
2022,measure,Supportive Environment,safe1,Safety,Student,"Students feel safe both in and around the school building, and while they travel to and from home.",Students report how safe they feel:
2022,measure,Supportive Environment,slap,School-Wide Future Orientation,Student,The school engages all students in planning for life after graduation.,Students report that:
2022,measure,Supportive Environment,trts,Student-Teacher Trust,Student,Students and teachers share a high level of mutual trust and respect.,Students report:
2023,essential,5Essentials,overall,5Essentials,,[Template syntax error with essential text overview: Could not parse the remainder: '=' from '='],
2023,essential,Ambitious Instruction,instruction,Ambitious Instruction,,"In schools with strong Ambitious Instruction, classes are challenging and engaging. The instruction is clear, well-structured, and encourages students to build and apply knowledge. When combined with a supportive environment, Ambitious Instruction has the most direct effect on student learning. It is: well-defined with clear expectations for student success, interactive and encourages students to build and apply knowledge, well-paced (not measured), and aligned across grades (not measured).",
2023,essential,Collaborative Teachers,teachers,Collaborative Teachers,,"In schools with strong Collaborative Teachers, all teachers collaborate to promote professional growth. In such schools, teachers are: active partners in school improvement, committed to the school, and focused on professional development.",
2023,essential,Effective Leaders,leaders,Effective Leaders,,"In schools with Effective Leaders, principals and teachers work together to implement a shared vision. In such schools, people, programs, and resources are focused on a vision for sustained improvement. Leaders: practice shared leadership, set high goals for quality instruction, maintain mutually trusting and respectful relationships, support professional advancement for faculty and staff, and manage resources for sustained program improvement (not measured).",
2023,essential,Involved Families,families,Involved Families,,"In schools with Involved Families, the entire staff builds strong external relationships. Such schools: see parents as partners in helping students learn, value parents' input and participation in advancing the school's mission, and support efforts to strengthen its students' community resources.",
2023,essential,Supplemental Measures,_supplemental,Supplemental Measures,,,
2023,essential,Supportive Environment,environment,Supportive Environment,,"In schools with a Supportive Environment, the school is safe, demanding, and supportive. In such schools: students feel safe in and around the school, they find teachers trust-worthy and responsive to their academic needs, all students value hard work, and teachers push all students toward high academic performance.",
2023,measure,Ambitious Instruction,pres,Academic Press,Student,Teachers expect students to do their best and to meet academic demands.,Students report the following about one specific class:
2023,measure,Ambitious Instruction,engl,English Instruction,Student,Students interact with course material and one another to build and apply critical reading and writing skills.,Students report doing the following in English class:
2023,measure,Ambitious Instruction,math,Math Instruction,Student,Students interact with course material and one another to build and apply knowledge in their math classes.,Students report that they do the following in math class:
2023,measure,Ambitious Instruction,sdis,Quality of Student Discussion,Teacher,Students participate in classroom discussions that build their critical thinking skills.,Teachers report the following about classroom discussions:
2023,measure,Collaborative Teachers,colb,Collaborative Practices,Teacher,Teachers observe each others' practice and work together to review assessment data and develop instructional strategies.,Teachers report how often they have done the following:
2023,measure,Collaborative Teachers,colr,Collective Responsibility,Teacher,"Teachers share a strong sense of responsibility for student development, school improvement, and professional growth.",Teachers report that other teachers in the school:
2023,measure,Collaborative Teachers,qpd2,Quality Professional Development,Teacher,Professional development is rigorous and focused on student learning.,Teachers report that professional development this year has:
2023,measure,Collaborative Teachers,scmt,School Commitment,Teacher,Teachers are deeply committed to the school.,Teachers report the following:
2023,measure,Collaborative Teachers,trte,Teacher-Teacher Trust,Teacher,"Teachers are supportive and respectful of one another, personally and professionally.",Teachers report the following:
2023,measure,Effective Leaders,ins3,Instructional Leadership,Teacher,The school leadership team sets high standards for teaching and student learning.,Teachers report that a member of the school leadership team:
2023,measure,Effective Leaders,pgmc,Program Coherence,Teacher,School programs are coordinated and consistent with its goals for student learning.,Teachers report the following:
2023,measure,Effective Leaders,inf3,Teacher Influence,Teacher,Teachers have influence in a broad range of decisions regarding school policies and practices.,Teachers report having influence on:
2023,measure,Effective Leaders,trpr,Teacher-Principal Trust,Teacher,Teachers and principals share a high level of mutual trust and respect.,Teachers report the following:
2023,measure,Involved Families,pnfl,Parent Influence on Decision Making in Schools,Teacher,The school has created opportunities for parents to participate in developing academic programs and influencing school curricula.,Teachers report that the school:
2023,measure,Involved Families,prt4,Parent Involvement in School,Teacher,Parents are active participants in their child's schooling.,Teachers report that students' parents:
2023,measure,Involved Families,trpa,Teacher-Parent Trust,Teacher,Teachers and parents are partners in improving student learning.,Teachers report the following:
2023,measure,Supplemental measures,engg,Academic Engagement,Student,Students are interested and engaged in learning.,Students report:
2023,measure,Supplemental measures,cdis1,Classroom Disruptions,Teacher,Teachers report on the degree to which other students disrupt their learning.,Teachers report that students in their classrooms:
2023,measure,Supplemental measures,rigr,Classroom Rigor,Student,Teachers encourage all students to make connections and seek multiple perspectives through their coursework.,Students report that the teacher in their target class:
2023,measure,Supplemental measures,clar,Course Clarity,Student,Students are provided clear learning goals and instruction that supports achievement.,Students report the following about one specific class:
2023,measure,Supplemental measures,emhl,Emotional Health,Student,Students have the skills to nurture positive and respectful relationships with others.,Students report:
2023,measure,Supplemental measures,grit,Grit,Student,Students sustain interest and effort toward long-term goals.,Students report:
2023,measure,Supplemental measures,humr,Human & Social Resources in the Community,Student,Students come from communities where there are adults they can trust who provide a safe environment.,Students report the following about their community:
2023,measure,Supplemental measures,futr,Importance of High School for the Future,Student,Students recognize that working hard during high school is important and that high school is preparing them for their life after graduation.,Students report:
2023,measure,Supplemental measures,innv,Innovation,Teacher,Teachers have a strong orientation toward improvement and a willingness to be a part of an active learning environment.,Teachers report that:
2023,measure,Supplemental measures,scie,Inquiry-Based Science Instruction,Student,"Students conduct scientific investigations, including generating and testing hypotheses, writing lab reports and using laboratory equipment.",Students report doing the following in science class:
2023,measure,Supplemental measures,prs2,Parent Supportiveness,Student,Parents support their children emotionally and developmentally.,Students report the following about their parents. My parents:
2023,measure,Supplemental measures,refd,Reflective Dialogue,Teacher,"Teachers frequently talk with each other about curriculum, instruction, and student learning.",Teachers report having conversations with colleagues about:
2023,measure,Supplemental measures,stdy,Rigorous Study Habits,Student,Students set aside time for schoolwork and give priority to studying.,Students report that:
2023,measure,Supplemental measures,pssm,School Connectedness,Student,Students feel included in their school’s community.,Students report the following:
2023,measure,Supplemental measures,ssaf,School Safety,Student,"Students encounter very little crime, violence, or bullying at school.",Students report  that:
2023,measure,Supplemental measures,socz,Socialization of New Teachers,Teacher,New teachers are included in the professional community and are given helpful feedback on their instructional practices.,Teachers report the following:
2023,measure,Supplemental measures,peer,Student Peer Relationships,Student,"Students treat each other with respect, work well together, and help each other learn.",Students report that their school peers:
2023,measure,Supplemental measures,prti,Student Responsibility,Teacher,Students are active participants in their own learning and regularly attend class prepared to learn.,Teachers report that their students:
2023,measure,Supplemental measures,tsaf,Teacher Safety,Teacher,"Teachers report little or no disorder in the hallways, physical conflict among students, vandalism, robbery or theft, and threats of violence against teachers.",Teachers report how much each of the following is a problem:
2023,measure,Supportive Environment,perc,Academic Personalism,Student,Teachers connect with students in the classroom and support them in achieving academic goals.,Students report that their teacher:
2023,measure,Supportive Environment,uexp,Expectations for Postsecondary Education,Teacher,The school expects all students to attend college and promotes college-readiness.,Teachers report that:
2023,measure,Supportive Environment,acno,Peer Support for Academic Work,Student,Students demonstrate behaviors that lead to academic achievement.,Students report that their classroom peers:
2023,measure,Supportive Environment,safe1,Safety,Student,"Students feel safe both in and around the school building, and while they travel to and from home.",Students report how safe they feel:
2023,measure,Supportive Environment,slap,School-Wide Future Orientation,Student,The school engages all students in planning for life after graduation.,Students report that:
2023,measure,Supportive Environment,trts,Student-Teacher Trust,Student,Students and teachers share a high level of mutual trust and respect.,Students report:
2024,essential,5Essentials,overall,5Essentials,,[Template syntax error with essential text overview: Could not parse the remainder: '=' from '='],
2024,essential,Ambitious Instruction,instruction,Ambitious Instruction,,"In schools with strong Ambitious Instruction, classes are challenging and engaging. The instruction is clear, well-structured, and encourages students to build and apply knowledge. When combined with a supportive environment, Ambitious Instruction has the most direct effect on student learning. It is: well-defined with clear expectations for student success, interactive and encourages students to build and apply knowledge, well-paced (not measured), and aligned across grades (not measured).",
2024,essential,Collaborative Teachers,teachers,Collaborative Teachers,,"In schools with strong Collaborative Teachers, all teachers collaborate to promote professional growth. In such schools, teachers are: active partners in school improvement, committed to the school, and focused on professional development.",
2024,essential,Effective Leaders,leaders,Effective Leaders,,"In schools with Effective Leaders, principals and teachers work together to implement a shared vision. In such schools, people, programs, and resources are focused on a vision for sustained improvement. Leaders: practice shared leadership, set high goals for quality instruction, maintain mutually trusting and respectful relationships, support professional advancement for faculty and staff, and manage resources for sustained program improvement (not measured).",
2024,essential,Involved Families,families,Involved Families,,"In schools with Involved Families, the entire staff builds strong external relationships. Such schools: see parents as partners in helping students learn, value parents' input and participation in advancing the school's mission, and support efforts to strengthen its students' community resources.",
2024,essential,Supplemental Measures,_supplemental,Supplemental Measures,,,
2024,essential,Supportive Environment,environment,Supportive Environment,,"In schools with a Supportive Environment, the school is safe, demanding, and supportive. In such schools: students feel safe in and around the school, they find teachers trust-worthy and responsive to their academic needs, all students value hard work, and teachers push all students toward high academic performance.",
2024,measure,Ambitious Instruction,pres,Academic Press,Student,Teachers expect students to do their best and to meet academic demands.,Students report the following about one specific class:
2024,measure,Ambitious Instruction,engl,English Instruction,Student,Students interact with course material and one another to build and apply critical reading and writing skills.,Students report doing the following in English class:
2024,measure,Ambitious Instruction,math,Math Instruction,Student,Students interact with course material and one another to build and apply knowledge in their math classes.,Students report that they do the following in math class:
2024,measure,Ambitious Instruction,sdis,Quality of Student Discussion,Teacher,Students participate in classroom discussions that build their critical thinking skills.,Teachers report the following about classroom discussions:
2024,measure,Collaborative Teachers,colb,Collaborative Practices,Teacher,Teachers observe each others' practice and work together to review assessment data and develop instructional strategies.,Teachers report how often they have done the following:
2024,measure,Collaborative Teachers,colr,Collective Responsibility,Teacher,"Teachers share a strong sense of responsibility for student development, school improvement, and professional growth.",Teachers report that other teachers in the school:
2024,measure,Collaborative Teachers,qpd2,Quality Professional Development,Teacher,Professional development is rigorous and focused on student learning.,Teachers report that professional development this year has:
2024,measure,Collaborative Teachers,scmt,School Commitment,Teacher,Teachers are deeply committed to the school.,Teachers report the following:
2024,measure,Collaborative Teachers,trte,Teacher-Teacher Trust,Teacher,"Teachers are supportive and respectful of one another, personally and professionally.",Teachers report the following:
2024,measure,Effective Leaders,ins3,Instructional Leadership,Teacher,The school leadership team sets high standards for teaching and student learning.,Teachers report that a member of the school leadership team:
2024,measure,Effective Leaders,pgmc,Program Coherence,Teacher,School programs are coordinated and consistent with its goals for student learning.,Teachers report the following:
2024,measure,Effective Leaders,inf3,Teacher Influence,Teacher,Teachers have influence in a broad range of decisions regarding school policies and practices.,Teachers report having influence on:
2024,measure,Effective Leaders,trpr,Teacher-Principal Trust,Teacher,Teachers and principals share a high level of mutual trust and respect.,Teachers report the following:
2024,measure,Involved Families,pnfl,Parent Influence on Decision Making in Schools,Teacher,The school has created opportunities for parents to participate in developing academic programs and influencing school curricula.,Teachers report that the school:
2024,measure,Involved Families,prt4,Parent Involvement in School,Teacher,Parents are active participants in their child's schooling.,Teachers report that students' parents:
2024,measure,Involved Families,trpa,Teacher-Parent Trust,Teacher,Teachers and parents are partners in improving student learning.,Teachers report the following:
2024,measure,Supplemental measures,engg,Academic Engagement,Student,Students are interested and engaged in learning.,Students report:
2024,measure,Supplemental measures,cdis1,Classroom Disruptions,Teacher,Teachers report on the degree to which other students disrupt their learning.,Teachers report that students in their classrooms:
2024,measure,Supplemental measures,rigr,Classroom Rigor,Student,Teachers encourage all students to make connections and seek multiple perspectives through their coursework.,Students report that the teacher in their target class:
2024,measure,Supplemental measures,clar,Course Clarity,Student,Students are provided clear learning goals and instruction that supports achievement.,Students report the following about one specific class:
2024,measure,Supplemental measures,emhl,Emotional Health,Student,Students have the skills to nurture positive and respectful relationships with others.,Students report:
2024,measure,Supplemental measures,humr,Human & Social Resources in the Community,Student,Students come from communities where there are adults they can trust who provide a safe environment.,Students report the following about their community:
2024,measure,Supplemental measures,futr,Importance of High School for the Future,Student,Students recognize that working hard during high school is important and that high school is preparing them for their life after graduation.,Students report:
2024,measure,Supplemental measures,innv,Innovation,Teacher,Teachers have a strong orientation toward improvement and a willingness to be a part of an active learning environment.,Teachers report that:
2024,measure,Supplemental measures,scie,Inquiry-Based Science Instruction,Student,"Students conduct scientific investigations, including generating and testing hypotheses, writing lab reports and using laboratory equipment.",Students report doing the following in science class:
2024,measure,Supplemental measures,prs2,Parent Supportiveness,Student,Parents support their children emotionally and developmentally.,Students report the following about their parents. My parents:
2024,measure,Supplemental measures,refd,Reflective Dialogue,Teacher,"Teachers frequently talk with each other about curriculum, instruction, and student learning.",Teachers report having conversations with colleagues about:
2024,measure,Supplemental measures,stdy,Rigorous Study Habits,Student,Students set aside time for schoolwork and give priority to studying.,Students report that:
2024,measure,Supplemental measures,pssm,School Connectedness,Student,Students feel included in their school’s community.,Students report the following:
2024,measure,Supplemental measures,ssaf,School Safety,Student,"Students encounter very little crime, violence, or bullying at school.",Students report  that:
2024,measure,Supplemental measures,socz,Socialization of New Teachers,Teacher,New teachers are included in the professional community and are given helpful feedback on their instructional practices.,Teachers report the following:
2024,measure,Supplemental measures,prti,Student Responsibility,Teacher,Students are active participants in their own learning and regularly attend class prepared to learn.,Teachers report that their students:
2024,measure,Supplemental measures,tsaf,Teacher Safety,Teacher,"Teachers report little or no disorder in the hallways, physical conflict among students, vandalism, robbery or theft, and threats of violence against teachers.",Teachers report how much each of the following is a problem:
2024,measure,Supportive Environment,perc,Academic Personalism,Student,Teachers connect with students in the classroom and support them in achieving academic goals.,Students report that their teacher:
2024,measure,Supportive Environment,uexp,Expectations for Postsecondary Education,Teacher,The school expects all students to attend college and promotes college-readiness.,Teachers report that:
2024,measure,Supportive Environment,acno,Peer Support for Academic Work,Student,Students demonstrate behaviors that lead to academic achievement.,Students report that their classroom peers:
2024,measure,Supportive Environment,safe1,Safety,Student,"Students feel safe both in and around the school building, and while they travel to and from home.",Students report how safe they feel:
2024,measure,Supportive Environment,slap,School-Wide Future Orientation,Student,The school engages all students in planning for life after graduation.,Students report that:
2024,measure,Supportive Environment,trts,Student-Teacher Trust,Student,Students and teachers share a high level of mutual trust and respect.,Students report:
2025,essential,5Essentials,overall,5Essentials,,This component does not have an overview yet. You should use HTML in this field! A point Another point Please replace me!,
2025,essential,Ambitious Instruction,instruction,Ambitious Instruction,,"In schools with strong Ambitious Instruction, classes are challenging and engaging. The instruction is clear, well-structured, and encourages students to build and apply knowledge. When combined with a supportive environment, Ambitious Instruction has the most direct effect on student learning. It is: well-defined with clear expectations for student success, interactive and encourages students to build and apply knowledge, well-paced (not measured), and aligned across grades (not measured). Note: Due to a programming error, questions associated with the Academic Press Measure were not included in the 2025 CPS 5Essentials Survey. This error affects all CPS schools.",
2025,essential,Collaborative Teachers,teachers,Collaborative Teachers,,"In schools with strong Collaborative Teachers, all teachers collaborate to promote professional growth. In such schools, teachers are: active partners in school improvement, committed to the school, and focused on professional development.",
2025,essential,Effective Leaders,leaders,Effective Leaders,,"In schools with Effective Leaders, principals and teachers work together to implement a shared vision. In such schools, people, programs, and resources are focused on a vision for sustained improvement. Leaders: practice shared leadership, set high goals for quality instruction, maintain mutually trusting and respectful relationships, support professional advancement for faculty and staff, and manage resources for sustained program improvement (not measured).",
2025,essential,Involved Families,families,Involved Families,,"In schools with Involved Families, the entire staff builds strong external relationships. Such schools: see parents as partners in helping students learn, value parents' input and participation in advancing the school's mission, and support efforts to strengthen its students' community resources.",
2025,essential,Supplemental Measures,_supplemental,Supplemental Measures,,,
2025,essential,Supportive Environment,environment,Supportive Environment,,"In schools with a Supportive Environment, the school is safe, demanding, and supportive. In such schools: students feel safe in and around the school, they find teachers trust-worthy and responsive to their academic needs, all students value hard work, and teachers push all students toward high academic performance. Note: Due to a programming error, questions associated with the Academic Personalism and Peer Support for Academic Work Measures in all elementary, middle and primary schools' Supportive Environment Essential were not included in the 2025 CPS 5Essentials Survey. (These Measures are not included in high schools' Supportive Environment Essential; high schools have complete and fully reported data.)",
2025,measure,Ambitious Instruction,pres24,Academic Press,Student,Teachers expect students to do their best and to meet academic demands.,Students report the following about one specific class:
2025,measure,Ambitious Instruction,engl24,English Instruction,Student,Students interact with course material and one another to build and apply critical reading and writing skills.,Students report doing the following in English class:
2025,measure,Ambitious Instruction,math24,Math Instruction,Student,Students interact with course material and one another to build and apply knowledge in their math classes.,Students report that they do the following in math class:
2025,measure,Ambitious Instruction,sdis24,Quality of Student Discussion,Teacher,Students participate in classroom discussions that build their critical thinking skills.,Teachers report the following about classroom discussions:
2025,measure,Collaborative Teachers,colb24,Collaborative Practices,Teacher,Teachers observe each others' practice and work together to review assessment data and develop instructional strategies.,Teachers report how often they have done the following:
2025,measure,Collaborative Teachers,colr24,Collective Responsibility,Teacher,"Teachers share a strong sense of responsibility for student development, school improvement, and professional growth.",Teachers report that other teachers in the school:
2025,measure,Collaborative Teachers,qpd24,Quality Professional Development,Teacher,Professional development is rigorous and focused on student learning.,Teachers report that professional development this year has:
2025,measure,Collaborative Teachers,scmt24,School Commitment,Teacher,Teachers are deeply committed to the school.,Teachers report the following:
2025,measure,Collaborative Teachers,trte24,Teacher-Teacher Trust,Teacher,"Teachers are supportive and respectful of one another, personally and professionally.",Teachers report the following:
2025,measure,Effective Leaders,ins24,Instructional Leadership,Teacher,The school leadership team sets high standards for teaching and student learning.,Teachers report that a member of the school leadership team:
2025,measure,Effective Leaders,pgmc24,Program Coherence,Teacher,School programs are coordinated and consistent with its goals for student learning.,Teachers report the following:
2025,measure,Effective Leaders,inf24,Teacher Influence,Teacher,Teachers have influence in a broad range of decisions regarding school policies and practices.,Teachers report having influence on:
2025,measure,Effective Leaders,trpr24,Teacher-Principal Trust,Teacher,Teachers and parents are partners in improving student learning.,Teachers report the following:
2025,measure,Involved Families,pnfl24,Parent Influence on Decision Making in Schools,Teacher,The school has created opportunities for parents to participate in developing academic programs and influencing school curricula.,Teachers report that the school:
2025,measure,Involved Families,prt24,Parent Involvement in School,Teacher,Parents are active participants in their child's schooling.,Teachers report that students' parents:
2025,measure,Involved Families,trpa24,Teacher-Parent Trust,Teacher,Teachers and parents are partners in improving student learning.,Teachers report the following:
2025,measure,Supplemental measures,engg24,Academic Engagement,Student,Students are interested and engaged in learning.,Students report:
2025,measure,Supplemental measures,cdis24,Classroom Disruptions,Teacher,Teachers report on the degree to which other students disrupt their learning.,Teachers report that students in their classrooms:
2025,measure,Supplemental measures,rigr24,Classroom Rigor,Student,Teachers encourage all students to make connections and seek multiple perspectives through their coursework.,Students report that the teacher in their target class:
2025,measure,Supplemental measures,clar24,Course Clarity,Student,Students are provided clear learning goals and instruction that supports achievement.,Students report the following about one specific class:
2025,measure,Supplemental measures,emhl24,Emotional Health,Student,Students have the skills to nurture positive and respectful relationships with others.,Students report:
2025,measure,Supplemental measures,humr24,Human & Social Resources in the Community,Student,Students come from communities where there are adults they can trust who provide a safe environment.,Students report the following about their community:
2025,measure,Supplemental measures,futr24,Importance of High School for the Future,Student,Students recognize that working hard during high school is important and that high school is preparing them for their life after graduation.,Students report:
2025,measure,Supplemental measures,innv24,Innovation,Teacher,Teachers have a strong orientation toward improvement and a willingness to be a part of an active learning environment.,Teachers report that:
2025,measure,Supplemental measures,scie24,Inquiry-Based Science Instruction,Student,"Students conduct scientific investigations, including generating and testing hypotheses, writing lab reports and using laboratory equipment.",Students report doing the following in science class:
2025,measure,Supplemental measures,prs24,Parent Supportiveness,Student,Parents support their children emotionally and developmentally.,Students report the following about their parents. My parents:
2025,measure,Supplemental measures,refd24,Reflective Dialogue,Teacher,"Teachers frequently talk with each other about curriculum, instruction, and student learning.",Teachers report having conversations with colleagues about:
2025,measure,Supplemental measures,stdy24,Rigorous Study Habits,Student,Students set aside time for schoolwork and give priority to studying.,Students report that:
2025,measure,Supplemental measures,pssm24,School Connectedness,Student,Students feel included in their school's community.,Students report the following:
2025,measure,Supplemental measures,ssaf24,School Safety,Student,"Students encounter very little crime, violence, or bullying at school.",Students report  that:
2025,measure,Supplemental measures,socz24,Socialization of New Teachers,Teacher,New teachers are included in the professional community and are given helpful feedback on their instructional practices.,Teachers report the following:
2025,measure,Supplemental measures,peer24,Student Peer Relationships,Student,"Students treat each other with respect, work well together, and help each other learn.",Students report that their school peers:
2025,measure,Supplemental measures,prti24,Student Responsibility,Teacher,Students are active participants in their own learning and regularly attend class prepared to learn.,Teachers report that their students:
2025,measure,Supplemental measures,tsaf24,Teacher Safety,Teacher,"Teachers report little or no disorder in the hallways, physical conflict among students, vandalism, robbery or theft, and threats of violence against teachers.",Teachers report how much each of the following is a problem:
2025,measure,Supportive Environment,perc24,Academic Personalism,Student,Teachers connect with students in the classroom and support them in achieving academic goals.,Students report that their teacher:
2025,measure,Supportive Environment,uexp24,Expectations for Postsecondary Education,Teacher,The school expects all students to attend college and promotes college-readiness.,Teachers report that:
2025,measure,Supportive Environment,acno24,Peer Support for Academic Work,Student,Students demonstrate behaviors that lead to academic achievement.,Students report that their classroom peers:
2025,measure,Supportive Environment,safe24,Safety,Student,Students feel safe both in and around the school building.,Students report how safe they feel:
2025,measure,Supportive Environment,slap24,School-Wide Future Orientation,Student,The school engages all students in planning for life after graduation.,Students report that:
2025,measure,Supportive Environment,trts24,Student-Teacher Trust,Student,Students and teachers share a high level of mutual trust and respect.,Students report:
2026,essential,5Essentials,overall,5Essentials,,This component does not have an overview yet. You should use HTML in this field! A point Another point Please replace me!,
2026,essential,Ambitious Instruction,instruction,Ambitious Instruction,,"In schools with strong Ambitious Instruction, classes are challenging and engaging. The instruction is clear, well-structured, and encourages students to build and apply knowledge. When combined with a supportive environment, Ambitious Instruction has the most direct effect on student learning. It is: well-defined with clear expectations for student success, interactive and encourages students to build and apply knowledge, well-paced (not measured), and aligned across grades (not measured).",
2026,essential,Collaborative Teachers,teachers,Collaborative Teachers,,"In schools with strong Collaborative Teachers, all teachers collaborate to promote professional growth. In such schools, teachers are: active partners in school improvement, committed to the school, and focused on professional development.",
2026,essential,Effective Leaders,leaders,Effective Leaders,,"In schools with Effective Leaders, principals and teachers work together to implement a shared vision. In such schools, people, programs, and resources are focused on a vision for sustained improvement. Leaders: practice shared leadership, set high goals for quality instruction, maintain mutually trusting and respectful relationships, support professional advancement for faculty and staff, and manage resources for sustained program improvement (not measured).",
2026,essential,Involved Families,families,Involved Families,,"In schools with Involved Families, the entire staff builds strong external relationships. Such schools: see parents as partners in helping students learn, value parents' input and participation in advancing the school's mission, and support efforts to strengthen its students' community resources.",
2026,essential,Supplemental Measures,_supplemental,Supplemental Measures,,,
2026,essential,Supportive Environment,environment,Supportive Environment,,"In schools with a Supportive Environment, the school is safe, demanding, and supportive. In such schools: students feel safe in and around the school, they find teachers trust-worthy and responsive to their academic needs, all students value hard work, and teachers push all students toward high academic performance.",
2026,measure,Ambitious Instruction,pres24,Academic Press,Student,Teachers expect students to do their best and to meet academic demands.,Students report the following about one specific class:
2026,measure,Ambitious Instruction,engl24,English Instruction,Student,Students interact with course material and one another to build and apply critical reading and writing skills.,Students report doing the following in English class:
2026,measure,Ambitious Instruction,math24,Math Instruction,Student,Students interact with course material and one another to build and apply knowledge in their math classes.,Students report that they do the following in math class:
2026,measure,Ambitious Instruction,sdis24,Quality of Student Discussion,Teacher,Students participate in classroom discussions that build their critical thinking skills.,Teachers report the following about classroom discussions:
2026,measure,Collaborative Teachers,colb24,Collaborative Practices,Teacher,Teachers observe each others' practice and work together to review assessment data and develop instructional strategies.,Teachers report how often they have done the following:
2026,measure,Collaborative Teachers,colr24,Collective Responsibility,Teacher,"Teachers share a strong sense of responsibility for student development, school improvement, and professional growth.",Teachers report that other teachers in the school:
2026,measure,Collaborative Teachers,qpd24,Quality Professional Development,Teacher,Professional development is rigorous and focused on student learning.,Teachers report that professional development this year has:
2026,measure,Collaborative Teachers,scmt24,School Commitment,Teacher,Teachers are deeply committed to the school.,Teachers report the following:
2026,measure,Collaborative Teachers,trte24,Teacher-Teacher Trust,Teacher,"Teachers are supportive and respectful of one another, personally and professionally.",Teachers report the following:
2026,measure,Effective Leaders,ins24,Instructional Leadership,Teacher,The school leadership team sets high standards for teaching and student learning.,Teachers report that a member of the school leadership team:
2026,measure,Effective Leaders,pgmc24,Program Coherence,Teacher,School programs are coordinated and consistent with its goals for student learning.,Teachers report the following:
2026,measure,Effective Leaders,inf24,Teacher Influence,Teacher,Teachers have influence in a broad range of decisions regarding school policies and practices.,Teachers report having influence on:
2026,measure,Effective Leaders,trpr24,Teacher-Principal Trust,Teacher,Teachers and principals share a high level of mutual trust and respect.,Teachers report the following:
2026,measure,Involved Families,pnfl24,Parent Influence on Decision Making in Schools,Teacher,The school has created opportunities for parents to participate in developing academic programs and influencing school curricula.,Teachers report that the school:
2026,measure,Involved Families,prt24,Parent Involvement in School,Teacher,Parents are active participants in their child's schooling.,Teachers report that students' parents:
2026,measure,Involved Families,trpa24,Teacher-Parent Trust,Teacher,Teachers and parents are partners in improving student learning.,Teachers report the following:
2026,measure,Supplemental measures,engg24,Academic Engagement,Student,Students are interested and engaged in learning.,Students report:
2026,measure,Supplemental measures,cdis24,Classroom Disruptions,Teacher,Teachers report on the degree to which other students disrupt their learning.,Teachers report that students in their classrooms:
2026,measure,Supplemental measures,rigr24,Classroom Rigor,Student,Teachers encourage all students to make connections and seek multiple perspectives through their coursework.,Students report that the teacher in their target class:
2026,measure,Supplemental measures,clar24,Course Clarity,Student,Students are provided clear learning goals and instruction that supports achievement.,Students report the following about one specific class:
2026,measure,Supplemental measures,emhl24,Emotional Health,Student,Students have the skills to nurture positive and respectful relationships with others.,Students report:
2026,measure,Supplemental measures,humr24,Human & Social Resources in the Community,Student,Students come from communities where there are adults they can trust who provide a safe environment.,Students report the following about their community:
2026,measure,Supplemental measures,futr24,Importance of High School for the Future,Student,Students recognize that working hard during high school is important and that high school is preparing them for their life after graduation.,Students report:
2026,measure,Supplemental measures,innv24,Innovation,Teacher,Teachers have a strong orientation toward improvement and a willingness to be a part of an active learning environment.,Teachers report that:
2026,measure,Supplemental measures,scie24,Inquiry-Based Science Instruction,Student,"Students conduct scientific investigations, including generating and testing hypotheses, writing lab reports and using laboratory equipment.",Students report doing the following in science class:
2026,measure,Supplemental measures,prs24,Parent Supportiveness,Student,Parents support their children emotionally and developmentally.,Students report the following about their parents. My parents:
2026,measure,Supplemental measures,refd24,Reflective Dialogue,Teacher,"Teachers frequently talk with each other about curriculum, instruction, and student learning.",Teachers report having conversations with colleagues about:
2026,measure,Supplemental measures,stdy24,Rigorous Study Habits,Student,Students set aside time for schoolwork and give priority to studying.,Students report that:
2026,measure,Supplemental measures,pssm24,School Connectedness,Student,Students feel included in their school's community.,Students report the following:
2026,measure,Supplemental measures,ssaf24,School Safety,Student,"Students encounter very little crime, violence, or bullying at school.",Students report  that:
2026,measure,Supplemental measures,socz24,Socialization of New Teachers,Teacher,New teachers are included in the professional community and are given helpful feedback on their instructional practices.,Teachers report the following:
2026,measure,Supplemental measures,peer24,Student Peer Relationships,Student,"Students treat each other with respect, work well together, and help each other learn.",Students report that their school peers:
2026,measure,Supplemental measures,prti24,Student Responsibility,Teacher,Students are active participants in their own learning and regularly attend class prepared to learn.,Teachers report that their students:
2026,measure,Supplemental measures,tsaf24,Teacher Safety,Teacher,"Teachers report little or no disorder in the hallways, physical conflict among students, vandalism, robbery or theft, and threats of violence against teachers.",Teachers report how much each of the following is a problem:
2026,measure,Supportive Environment,perc24,Academic Personalism,Student,Teachers connect with students in the classroom and support them in achieving academic goals.,Students report that their teacher:
2026,measure,Supportive Environment,uexp24,Expectations for Postsecondary Education,Teacher,The school expects all students to attend college and promotes college-readiness.,Teachers report that:
2026,measure,Supportive Environment,acno24,Peer Support for Academic Work,Student,Students demonstrate behaviors that lead to academic achievement.,Students report that their classroom peers:
2026,measure,Supportive Environment,safe24,Safety,Student,Students feel safe both in and around the school building.,Students report how safe they feel:
2026,measure,Supportive Environment,slap24,School-Wide Future Orientation,Student,The school engages all students in planning for life after graduation.,Students report that:
2026,measure,Supportive Environment,trts24,Student-Teacher Trust,Student,Students and teachers share a high level of mutual trust and respect.,Students report:
