Network,Total_Enrollment,State English Learners_N,State English Learners_Pct,Students with Disabilities_N,Students with Disabilities_Pct,Economically Disadvantaged_N,Economically Disadvantaged_Pct,Year
Network 1,23333,7898,0.33849054986499805,3961,0.1697595679938285,11732,0.5028071829597566,2025-2026
Network 2,14325,4840,0.3378708551483421,2569,0.1793368237347295,7826,0.5463176265270506,2025-2026
Network 3,12586,5277,0.41927538534880027,2619,0.2080883521372954,10357,0.8228984586047989,2025-2026
Network 4,18378,4165,0.22662966590488628,2880,0.15670910871694418,7763,0.4224072260311242,2025-2026
Network 5,8385,2360,0.2814549791293977,1729,0.2062015503875969,7046,0.8403100775193798,2025-2026
Network 6,11864,2265,0.19091368846931894,1969,0.16596426163182737,6665,0.561783546864464,2025-2026
Network 7,8555,4192,0.49000584453535945,1886,0.22045587375803624,7152,0.8360023378141438,2025-2026
Network 8,13730,7112,0.5179898033503277,2463,0.17938820101966496,11240,0.8186453022578296,2025-2026
Network 9,9824,527,0.05364413680781759,1637,0.1666327361563518,7372,0.7504071661237784,2025-2026
Network 10,18234,5715,0.31342546890424483,3646,0.1999561259186136,12880,0.7063727103213776,2025-2026
Network 11,9017,1010,0.11201064655650438,1934,0.2144837529111678,7352,0.8153487856271487,2025-2026
Network 12,10418,1153,0.1106738337492801,1885,0.1809368400844692,8471,0.8131119216740257,2025-2026
Network 13,11702,2011,0.17185096564689797,2219,0.189625705007691,9330,0.7972996069048026,2025-2026
Network 14,27357,7519,0.27484738823701427,4481,0.1637971999853785,17075,0.6241546953247797,2025-2026
Network 15,20484,4885,0.2384788127318883,2747,0.13410466705721538,14899,0.7273481741847295,2025-2026
Network 16,12464,4092,0.3283055198973042,2417,0.19391848523748395,10677,0.8566270860077022,2025-2026
Network 17,10372,1097,0.10576552256074045,1637,0.15782876976475124,8558,0.825106054762823,2025-2026
ISP,21915,7846,0.35801962126397446,3659,0.166963267168606,14460,0.6598220396988365,2025-2026
Charter,46194,10778,0.23332034463350218,7233,0.1565787764644759,39863,0.8629475689483482,2025-2026
Contract,849,70,0.08244994110718493,151,0.17785630153121318,613,0.7220259128386337,2025-2026
Options,6238,1360,0.2180185957037512,1124,0.18018595703751203,5788,0.9278614940686117,2025-2026
Network 1,23816,8279,0.34762344642257303,3865,0.16228585824655695,12142,0.509825327510917,2024-2025
Network 2,13238,4781,0.3611572745127663,2348,0.1773681825049101,7458,0.5633781537996676,2024-2025
Network 3,12830,5432,0.42338269680436474,2371,0.1848012470771629,10273,0.800701480904131,2024-2025
Network 4,18649,4476,0.2400128693227519,2741,0.14697839026221246,8087,0.4336425545605663,2024-2025
Network 5,8755,2452,0.28006853226727585,1684,0.1923472301541976,7167,0.8186179326099372,2024-2025
Network 6,11848,2495,0.21058406482106684,1832,0.15462525320729237,6544,0.5523295070898042,2024-2025
Network 7,9212,4589,0.4981545809813287,1838,0.1995223621363439,7422,0.8056882327399044,2024-2025
Network 8,13202,7013,0.5312073928192698,2239,0.1695955158309347,10582,0.8015452204211483,2024-2025
Network 9,10201,550,0.05391628271738065,1540,0.15096559160866582,7465,0.7317910008822665,2024-2025
Network 10,18132,5970,0.32925215089344806,3403,0.18767924112067064,12911,0.7120560335318773,2024-2025
Network 11,8994,838,0.09317322659550811,1763,0.19601956860128975,7274,0.8087613964865465,2024-2025
Network 12,10644,1024,0.09620443442314919,1830,0.17192784667418265,8526,0.8010146561443067,2024-2025
Network 13,11955,2022,0.16913425345043914,2078,0.1738184859891259,9492,0.7939774153074027,2024-2025
Network 14,28237,7560,0.26773382441477495,4451,0.1576300598505507,17919,0.6345929100116868,2024-2025
Network 15,20941,4929,0.23537557900768827,2786,0.13304044697005873,15266,0.7290005252853254,2024-2025
Network 16,12075,3521,0.2915942028985507,2364,0.19577639751552794,10149,0.8404968944099379,2024-2025
Network 17,10582,948,0.08958608958608959,1659,0.15677565677565677,8809,0.8324513324513324,2024-2025
ISP,27028,9560,0.3537072665384046,4259,0.15757732721622023,17949,0.6640890927926595,2024-2025
Charter,47706,11246,0.23573554689137635,7174,0.15037940720244833,41082,0.8611495409382468,2024-2025
Contract,1077,69,0.06406685236768803,166,0.1541318477251625,817,0.7585886722376973,2024-2025
Options,6183,1053,0.1703056768558952,1107,0.17903930131004367,5620,0.9089438783761928,2024-2025
Network 1,23495,8076,0.3437327090870398,3770,0.16045967227069588,11439,0.4868695467120664,2023-2024
Network 2,12482,4447,0.3562730331677616,2090,0.1674411152058965,6766,0.5420605672167922,2023-2024
Network 3,12813,4988,0.3892921251853586,2275,0.1775540466713494,10024,0.7823304456411457,2023-2024
Network 4,18520,4332,0.23390928725701943,2541,0.13720302375809934,7744,0.41814254859611233,2023-2024
Network 5,8539,1911,0.22379669750556272,1540,0.18034898700081978,6858,0.8031385408127415,2023-2024
Network 6,11046,2203,0.19943871084555495,1617,0.14638783269961977,6104,0.5525982256020279,2023-2024
Network 7,8793,3941,0.4481974297736836,1729,0.19663368588650063,6998,0.795860343455021,2023-2024
Network 8,11451,5688,0.4967251768404506,2011,0.175617849969435,9016,0.78735481617326,2023-2024
Network 9,9773,258,0.026399263276373684,1423,0.14560523892356492,7028,0.7191241174664893,2023-2024
Network 10,17253,5279,0.30597577232944995,3138,0.1818814119283603,12078,0.7000521648408973,2023-2024
Network 11,8192,316,0.03857421875,1617,0.1973876953125,6699,0.8177490234375,2023-2024
Network 12,10209,399,0.03908316191595651,1677,0.16426682339112547,8129,0.7962582035458908,2023-2024
Network 13,11735,1698,0.14469535577332765,1941,0.1654026416702173,9270,0.789944610140605,2023-2024
Network 14,28266,6592,0.23321304747753485,4480,0.158494304110946,17808,0.6300148588410104,2023-2024
Network 15,21118,4220,0.19982952931148784,2822,0.1336300786059286,15151,0.7174448337910787,2023-2024
Network 16,11623,2776,0.23883678912501075,2039,0.1754280306289254,9716,0.8359287619375376,2023-2024
Network 17,10544,682,0.06468133535660091,1690,0.16028072837632776,8796,0.8342185128983308,2023-2024
ISP,31723,10810,0.34076222299278125,5006,0.15780348642940453,20856,0.6574409734262208,2023-2024
Charter,48400,10444,0.21578512396694216,7165,0.14803719008264463,41503,0.8575,2023-2024
Contract,1178,67,0.056876061120543296,171,0.14516129032258066,875,0.7427843803056027,2023-2024
Options,6098,706,0.11577566415218105,1168,0.19153820924893408,5608,0.9196457855034438,2023-2024
Network 1,21999,7017,0.318969044,3443,0.156507114,11154,0.5070230465,2022-2023
Network 2,12038,3848,0.3196544276,1858,0.1543445755,6917,0.5745971092,2022-2023
Network 3,12856,4621,0.3594430616,2104,0.1636589919,10459,0.8135500933,2022-2023
Network 4,17545,3981,0.2269022514,2245,0.1279566828,8166,0.4654317469,2022-2023
Network 5,8434,1581,0.1874555371,1401,0.1661133507,7185,0.85190894,2022-2023
Network 6,9514,1676,0.1761614463,1300,0.13664074,5320,0.5591759512,2022-2023
Network 7,8787,3792,0.4315466029,1558,0.1773073859,7349,0.8363491522,2022-2023
Network 8,11264,5394,0.4788707386,1800,0.1598011364,9181,0.8150745739,2022-2023
Network 9,9570,174,0.0181818182,1283,0.1340647858,7139,0.7459770115,2022-2023
Network 10,16414,4653,0.2834775192,2801,0.1706470087,11728,0.7145120019,2022-2023
Network 11,8371,213,0.0254449887,1439,0.1719029984,7047,0.8418349062,2022-2023
Network 12,10282,322,0.0313168644,1465,0.1424820074,8241,0.8014977631,2022-2023
Network 13,10635,1158,0.1088857546,1636,0.1538316878,8506,0.7998119417,2022-2023
Network 14,26149,5002,0.1912883858,4083,0.1561436384,16819,0.6431985927,2022-2023
Network 15,17042,2789,0.1636545006,2353,0.138070649,12829,0.7527872315,2022-2023
Network 16,12247,2440,0.1992324651,2244,0.1832285458,10457,0.85384175716502,2022-2023
Network 17,10738,567,0.0528031291,1738,0.1618550941,9065,0.8441981747,2022-2023
AUSL,4188,1016,0.2425978988,589,0.1406399236,3372,0.8051575931,2022-2023
ISP,37990,11246,0.2960252698,5480,0.1442484864,24753,0.6515662016,2022-2023
Charter,49232,9961,0.2023277543,7289,0.1480541111,42524,0.8637471563,2022-2023
Contract,1439,55,0.0382209868,243,0.1688672689,1087,0.7553856845,2022-2023
Options,5372,523,0.0973566642,995,0.1852196575,4985,0.9279597915,2022-2023
Network 1,20577,6339,0.3081,3018,0.1467,10155,0.4935,2021-2022
Network 2,10988,3375,0.3072,1606,0.1462,6080,0.5533,2021-2022
Network 3,11925,4009,0.3362,1829,0.1534,9247,0.7754,2021-2022
Network 4,16664,3593,0.2156,2049,0.123,7144,0.4287,2021-2022
Network 5,7668,1353,0.1764,1214,0.1583,6255,0.8157,2021-2022
Network 6,8759,1608,0.1836,1196,0.1365,5110,0.5834,2021-2022
Network 7,8493,3401,0.4004,1314,0.1547,7138,0.8405,2021-2022
Network 8,11974,5689,0.4751,1724,0.144,9582,0.8002,2021-2022
Network 9,9147,151,0.0165,1130,0.1235,6229,0.681,2021-2022
Network 10,16681,4597,0.2756,2662,0.1596,11389,0.6828,2021-2022
Network 11,8615,172,0.02,1408,0.1634,6787,0.7878,2021-2022
Network 12,9732,276,0.0284,1318,0.1354,7383,0.7586,2021-2022
Network 13,10328,1077,0.1043,1482,0.1435,7849,0.76,2021-2022
Network 14,26051,4157,0.1596,3998,0.1535,16258,0.6241,2021-2022
Network 15,15141,2325,0.1536,2181,0.144,11890,0.7853,2021-2022
Network 16,12339,2088,0.1692,2293,0.1858,10023,0.8123,2021-2022
Network 17,10661,453,0.0425,1661,0.1558,8391,0.7871,2021-2022
AUSL,7708,1002,0.13,1118,0.145,6221,0.8071,2021-2022
ISP,48663,13567,0.2788,6434,0.1322,29962,0.6157,2021-2022
Charter,50408,9456,0.1876,7664,0.152,41338,0.8201,2021-2022
Contract,1511,44,0.0291,260,0.1721,1051,0.6956,2021-2022
Options,6378,536,0.084,1190,0.1866,5014,0.7861,2021-2022
"Note: ""Economically Disadvantaged Students"" come from families whose income is within 185 percent of the federal poverty line. The District formerly referred to these students as ""Free or Reduced Lunch Eligible Students,"" and adopted the new term after the federal government, under the Community Eligibility Provision, funded breakfasts and lunches for all students if more than 40 percent of students qualify. ",,,,,,,,2021-2022
"Note: ""Bilingual"" refers to the state defintions of students who are English learners.",,,,,,,,2021-2022
"There were 449 students enrolled in the Virtual Academy, however they are all attributed to their brick and mortar schools.",,,,,,,,2021-2022
Network 1,21522,6084,0.2827,3137,0.1458,9888,0.4594,2020-2021
Network 2,10383,2940,0.2832,1550,0.1493,5996,0.5775,2020-2021
Network 3,11405,3361,0.2947,1755,0.1539,7986,0.7002,2020-2021
Network 4,16331,3341,0.2046,2026,0.1241,6996,0.4284,2020-2021
Network 5,7980,915,0.1147,1281,0.1605,6554,0.8213,2020-2021
Network 6,9556,1535,0.1606,1306,0.1367,4977,0.5208,2020-2021
Network 7,7448,3326,0.4466,1085,0.1457,6138,0.8241,2020-2021
Network 8,11343,5093,0.449,1629,0.1436,8574,0.7559,2020-2021
Network 9,8693,153,0.0176,1087,0.125,6028,0.6934,2020-2021
Network 10,16210,3621,0.2234,2637,0.1627,10030,0.6188,2020-2021
Network 11,8917,349,0.0391,1525,0.171,7316,0.8205,2020-2021
Network 12,9109,285,0.0313,1228,0.1348,7115,0.7811,2020-2021
Network 13,10306,971,0.0942,1578,0.1531,7941,0.7705,2020-2021
Network 14,24108,3452,0.1432,3801,0.1577,11950,0.4957,2020-2021
Network 15,15570,1933,0.1241,2182,0.1401,10631,0.6828,2020-2021
Network 16,10725,1828,0.1704,2131,0.1987,7668,0.715,2020-2021
Network 17,10672,416,0.039,1604,0.1503,7282,0.6823,2020-2021
AUSL,14745,1599,0.1084,2075,0.1407,12263,0.8317,2020-2021
ISP,56190,12736,0.2267,6781,0.1207,31508,0.5607,2020-2021
Charter,51364,8745,0.1703,7788,0.1516,35306,0.6874,2020-2021
Contract,1455,33,0.0227,242,0.1663,865,0.5945,2020-2021
Options,6626,597,0.0901,1227,0.1852,4380,0.661,2020-2021
 ,,,,,,,,2020-2021
"Note: ""Economically Disadvantaged Students"" come from families whose income is within 185 percent of the federal poverty line. The District formerly referred to these students as ""Free or Reduced Lunch Eligible Students,"" and adopted the new term after the federal government, under the Community Eligibility Provision, funded breakfasts and lunches for all students if more than 40 percent of students qualify. ",,,,,,,,2020-2021
"Note: ""Bilingual"" refers to the state defintions of students who are English learners.",,,,,,,,2020-2021
Network 1,35853,8487,0.2367,5211,0.1453,23145,0.6456,2019-2020
Network 2,24697,6974,0.2824,3407,0.138,18551,0.7511,2019-2020
Network 3,19827,4750,0.2396,2856,0.144,17903,0.903,2019-2020
Network 4,24570,4709,0.1917,2633,0.1072,14843,0.6041,2019-2020
Network 5,15352,1833,0.1194,2343,0.1526,13872,0.9036,2019-2020
Network 6,14577,2294,0.1574,1827,0.1253,9933,0.6814,2019-2020
Network 7,16211,6546,0.4038,2344,0.1446,14906,0.9195,2019-2020
Network 8,22879,7186,0.3141,2840,0.1241,21150,0.9244,2019-2020
Network 9,13533,220,0.0163,1611,0.119,10900,0.8054,2019-2020
Network 10,24752,4390,0.1774,3717,0.1502,19686,0.7953,2019-2020
Network 11,16332,352,0.0216,2705,0.1656,14570,0.8921,2019-2020
Network 12,13778,410,0.0298,2196,0.1594,12289,0.8919,2019-2020
Network 13,15484,1246,0.0805,2106,0.136,13697,0.8846,2019-2020
AUSL,16882,1492,0.0884,2229,0.132,15609,0.9246,2019-2020
Service Leadership Academies,3076,193,0.0627,266,0.0865,2840,0.9233,2019-2020
ISP,39852,7889,0.198,4455,0.1118,25752,0.6462,2019-2020
Charter,53853,6904,0.1282,7577,0.1407,47403,0.8802,2019-2020
Contract,1688,10,0.0059,227,0.1345,1288,0.763,2019-2020
Options,8153,319,0.0391,1543,0.1893,7563,0.9276,2019-2020
"Note: ""Economically Disadvantaged Students"" come from families whose income is within 185 percent of the federal poverty line. The District formerly referred to these students as ""Free or Reduced Lunch Eligible Students,"" and adopted the new term after the federal government, under the Community Eligibility Provision, funded breakfasts and lunches for all students if more than 40 percent of students qualify. ",,,,,,,,2019-2020
"Note: ""Bilingual"" refers to the state defintions of students who are English learners.",,,,,,,,2019-2020
"Note: The EL data set was updated on October 10, 2020 to align with the State's definition of EL.",,,,,,,,2019-2020
AUSL,17970,1325,0.07373400111296606,2358,0.13121869782971618,17392,0.9678352810239288,2014-2015
Service Leadership Academies,3086,169,0.05476344782890473,286,0.09267660401814647,2876,0.931950745301361,2014-2015
Network 1,40425,9118,0.2255534941249227,5636,0.1394186765615337,29158,0.7212863327149042,2014-2015
Network 2,26243,7210,0.27473993064817287,3354,0.12780551004077279,21576,0.8221621003696223,2014-2015
Network 3,23364,5666,0.24250984420475946,3055,0.1307567197397706,22415,0.959381955144667,2014-2015
Network 4,29246,5022,0.17171579019353073,2976,0.10175750529987007,18649,0.6376598509197839,2014-2015
Network 5,16120,2242,0.13908188585607942,2213,0.13728287841191067,15239,0.945347394540943,2014-2015
Network 6,21846,2938,0.1344868625835393,2483,0.11365925112148677,13771,0.6303671152613751,2014-2015
Network 7,17891,7364,0.4116035995752054,2340,0.13079201833324017,17483,0.977195237829076,2014-2015
Network 8,30169,10823,0.35874573237429147,3235,0.10722927508369519,29343,0.9726209022506547,2014-2015
Network 9,14082,207,0.01469961653174265,1586,0.1126260474364437,12091,0.8586138332623207,2014-2015
Network 10,26279,4358,0.1658358385022261,3781,0.1438791430419727,21286,0.8100003805319838,2014-2015
Network 11,16895,286,0.016928085232317255,2477,0.14661142349807635,15680,0.9280852323172536,2014-2015
Network 12,13334,345,0.025873706314684265,1806,0.13544322783860807,12478,0.935803209839508,2014-2015
Network 13,16568,1501,0.09059633027522936,2022,0.12204249154997586,15349,0.9264244326412361,2014-2015
OS4,19493,1639,0.08408146514133279,3135,0.16082696352536807,18489,0.9484943312984148,2014-2015
Options,9387,263,0.028017470970491103,1634,0.17407052306381166,8703,0.9271332694151486,2014-2015
Contract,1835,27,0.014713896457765668,260,0.14168937329700274,1413,0.7700272479564033,2014-2015
Charter,52450,5878,0.11206863679694948,6789,0.12943755958055292,47852,0.9123355576739752,2014-2015
"Note: ""Economically Disadvantaged Students"" come from families whose income is within 185 percent of the federal poverty line. The District formerly referred to these students as ""Free or Reduced Lunch Eligible Students,"" and adopted the new term after the federal government, under the Community Eligibility Provision, funded breakfasts and lunches for all students if more than 40 percent of students qualify. ",,,,,,,,2014-2015
Network 1,40966,8964,0.2188,5648,0.1379,29101,0.7104,2013-2014
Network 2,27164,6945,0.2557,3446,0.1269,22407,0.8249,2013-2014
Network 3,24562,5791,0.2358,3200,0.1303,23313,0.9491,2013-2014
Network 4,29154,5290,0.1815,2852,0.0978,18381,0.6305,2013-2014
Network 5,18120,2360,0.1302,2486,0.1372,16959,0.9359,2013-2014
Network 6,20823,2580,0.1239,2387,0.1146,12818,0.6156,2013-2014
Network 7,18558,7724,0.4162,2276,0.1226,18130,0.9769,2013-2014
Network 8,29176,11208,0.3842,2954,0.1012,28216,0.9671,2013-2014
Network 9,14764,149,0.0101,1657,0.1122,12312,0.8339,2013-2014
Network 10,24929,4470,0.1793,3428,0.1375,19387,0.7777,2013-2014
Network 11,18891,212,0.0112,2654,0.1405,17389,0.9205,2013-2014
Network 12,14696,395,0.0269,2013,0.137,13593,0.9249,2013-2014
Network 13,17128,1569,0.0916,2036,0.1189,15672,0.915,2013-2014
AUSL,17059,1378,0.0808,2224,0.1304,16151,0.9468,2013-2014
Charter,54572,4279,0.0784,6815,0.1249,49557,0.9081,2013-2014
Contract,2597,37,0.0142,352,0.1355,2104,0.8102,2013-2014
Military,2708,57,0.021,246,0.0908,2489,0.9191,2013-2014
OS4,22303,1816,0.0814,3336,0.1496,20441,0.9165,2013-2014
Options,2375,50,0.0211,459,0.1933,2048,0.8623,2013-2014
Austin-North Lawndale Elementary Network,17021,384,0.0226,2058,0.1209,16074,0.9444,2011-2012
Burnham Park Elementary Network,15989,116,0.0073,1595,0.0998,13489,0.8436,2011-2012
Englewood-Gresham Elementary Network,14531,29,0.002,1745,0.1201,13772,0.9478,2011-2012
Far South Side High School Network,10877,138,0.0127,1512,0.139,9706,0.8923,2011-2012
Fullerton Elementary Network,33387,10896,0.3264,3678,0.1102,28027,0.8395,2011-2012
Fulton Elementary Network,13607,1929,0.1418,2003,0.1472,10653,0.7829,2011-2012
Garfield-Humboldt Elementary Network,14026,1395,0.0995,1483,0.1057,13334,0.9507,2011-2012
Lake Calumet Elementary Network,13278,1563,0.1177,1440,0.1085,12290,0.9256,2011-2012
Midway Elementary Network,34886,10500,0.301,3973,0.1139,31744,0.9099,2011-2012
North-Northwest Side High School Network,35192,3008,0.0855,4532,0.1288,28100,0.7985,2011-2012
O'Hare Elementary Network,30430,7664,0.2519,3790,0.1245,21304,0.7001,2011-2012
Pershing Elementary Network,22391,7176,0.3205,2222,0.0992,20932,0.9348,2011-2012
Pilsen-Little Village Elementary Network,17854,7861,0.4403,1848,0.1035,16756,0.9385,2011-2012
Ravenswood-Ridge Elementary Network,27947,7562,0.2706,3250,0.1163,19662,0.7035,2011-2012
Rock Island Elementary Network,12465,17,0.0014,1524,0.1223,9337,0.7491,2011-2012
Skyway Elementary Network,18250,434,0.0238,2058,0.1128,16831,0.9222,2011-2012
South Side High School Network,23411,372,0.0159,3405,0.1454,20990,0.8966,2011-2012
Southwest Side High School Network,22391,1451,0.0648,3327,0.1486,20910,0.9339,2011-2012
West Side High School Network,26218,1400,0.0534,3976,0.1517,23318,0.8894,2011-2012
