school_id,network,community_area,esb_district,latitude,longitude
400009,Charter,GARFIELD RIDGE,7a,41.8134,-87.748
400010,Charter,WASHINGTON PARK,,,
400011,Charter,EAST GARFIELD PARK,5b,41.8772,-87.7052
400012,Charter,ENGLEWOOD,,,
400013,Charter,AVONDALE,3a,41.9373,-87.7271
400017,Charter,ALBANY PARK,,,
400018,Network 3,AUSTIN,,,
400019,Charter,GRAND BOULEVARD,,,
400021,Charter,AUSTIN,5a,41.8823,-87.7653
400022,Contract,WEST TOWN,3b,41.8994,-87.6949
400023,Charter,AVALON PARK,10b,41.7432,-87.5879
400024,Charter,NEW CITY,8b,41.794,-87.6702
400025,Charter,LOGAN SQUARE,6a,41.9224,-87.6814
400026,Charter,WASHINGTON HEIGHTS,9b,41.7202,-87.6576
400027,Charter,IRVING PARK,3a,41.9509,-87.7105
400028,Charter,WEST PULLMAN,9b,41.6844,-87.6169
400029,Charter,WASHINGTON PARK,6b,41.7841,-87.6213
400030,Charter,BELMONT CRAGIN,5a,41.9217,-87.7767
400031,Charter,ASHBURN,9a,41.7454,-87.6926
400032,Charter,AUBURN GRESHAM,9a,41.7484,-87.669
400033,Charter,WASHINGTON HEIGHTS,9b,41.7212,-87.6558
400034,Charter,NORTH PARK,1a,41.9902,-87.7265
400035,Charter,ROGERS PARK,2a,42.013,-87.6748
400036,Charter,NEAR WEST SIDE,,,
400038,Options,LOOP,,,
400039,Charter,WEST TOWN,3b,41.9068,-87.6944
400040,Charter,NORTH LAWNDALE,,,
400041,Charter,HUMBOLDT PARK,,,
400043,Contract,NEAR WEST SIDE,,,
400044,Charter,NORTH LAWNDALE,5b,41.8584,-87.7211
400045,Charter,ROSELAND,,,
400046,Charter,NORTH LAWNDALE,5b,41.8673,-87.7107
400047,Charter,EAST GARFIELD PARK,5b,41.8779,-87.6987
400048,Charter,EAST GARFIELD PARK,5b,41.8873,-87.7021
400049,Charter,NORTH LAWNDALE,5b,41.857,-87.7085
400050,Charter,MCKINLEY PARK,8b,41.8257,-87.6677
400051,Charter,WEST TOWN,5b,41.9002,-87.6626
400052,Charter,GREATER GRAND CROSSING,10a,41.7653,-87.6042
400053,Charter,WEST TOWN,5b,41.8953,-87.6645
400054,Charter,HERMOSA,3b,41.9152,-87.7301
400055,Charter,WEST TOWN,5b,41.8924,-87.6609
400056,Charter,HUMBOLDT PARK,5a,41.8954,-87.718
400057,Charter,NEAR WEST SIDE,7a,41.8658,-87.6761
400058,Charter,NORTH LAWNDALE,5b,41.8586,-87.709
400059,Charter,NORTH LAWNDALE,5b,41.8576,-87.709
400060,Charter,EDGEWATER,2b,41.9834,-87.6712
400061,Charter,CHATHAM,10b,41.7388,-87.6265
400062,Charter,CHATHAM,10b,41.7375,-87.6265
400064,Charter,NEAR SOUTH SIDE,8b,41.856,-87.6285
400066,Charter,DOUGLAS,6b,41.8278,-87.6248
400068,Contract,AUSTIN,,,
400069,Charter,HUMBOLDT PARK,5a,41.8926,-87.7078
400070,Options,WEST TOWN,,,
400071,Charter,WEST ENGLEWOOD,9a,41.7754,-87.664
400072,Charter,GREATER GRAND CROSSING,,,
400073,Charter,GRAND BOULEVARD,,,
400074,Charter,WEST ENGLEWOOD,,,
400075,Charter,OAKLAND,10a,41.8277,-87.6085
400076,Charter,KENWOOD,10a,41.8112,-87.5988
400077,Charter,WOODLAWN,6b,41.7804,-87.5974
400078,Charter,GRAND BOULEVARD,,,
400079,Charter,ARCHER HEIGHTS,7b,41.8101,-87.7305
400080,Charter,ARCHER HEIGHTS,7b,41.8082,-87.7305
400081,Charter,LOWER WEST SIDE,7a,41.8595,-87.6679
400082,Charter,AVONDALE,3a,41.9375,-87.6996
400083,Charter,SOUTH LAWNDALE,,,
400084,Charter,GAGE PARK,7b,41.7999,-87.6939
400085,Charter,ARCHER HEIGHTS,7b,41.8092,-87.7305
400086,Charter,ENGLEWOOD,6b,41.7815,-87.6344
400087,Charter,DOUGLAS,,,
400089,Charter,BRIGHTON PARK,7b,41.8083,-87.6974
400091,Contract,NEAR WEST SIDE,7a,41.8633,-87.6591
400092,Charter,RIVERDALE,10b,41.6537,-87.605
400094,Charter,SOUTH CHICAGO,10a,41.7448,-87.5502
400096,Charter,WEST TOWN,6a,41.9078,-87.6641
400097,Charter,NEAR WEST SIDE,5b,41.8788,-87.6782
400098,Charter,LOOP,6b,41.8827,-87.6263
400101,Charter,BRIGHTON PARK,8b,41.8229,-87.694
400102,Charter,NEAR WEST SIDE,,,
400104,Charter,LOWER WEST SIDE,7a,41.846,-87.6872
400105,Charter,DOUGLAS,10a,41.8311,-87.6136
400106,Charter,ENGLEWOOD,6b,41.7784,-87.6351
400107,Charter,SOUTH CHICAGO,10b,41.7333,-87.5456
400108,Charter,RIVERDALE,,,
400109,Options,WASHINGTON HEIGHTS,,,
400111,Charter,AUBURN GRESHAM,9a,41.7431,-87.6657
400112,Charter,GAGE PARK,7b,41.801,-87.7088
400113,Charter,NEAR NORTH SIDE,,,
400114,Charter,WEST TOWN,5a,41.9003,-87.6899
400115,Charter,CHICAGO LAWN,8a,41.771,-87.6931
400116,Charter,WEST ENGLEWOOD,9a,41.7674,-87.6676
400117,Charter,AUBURN GRESHAM,9a,41.7344,-87.651
400118,Charter,NORTH LAWNDALE,5b,41.8693,-87.7117
400119,Charter,WEST GARFIELD PARK,5b,41.8817,-87.7338
400120,Charter,BELMONT CRAGIN,5a,41.918,-87.7878
400121,Charter,WEST RIDGE,,,
400123,Options,AUSTIN,5a,41.8804,-87.7425
400124,Options,DOUGLAS,6b,41.8413,-87.6253
400125,Options,AVONDALE,3a,41.9382,-87.7271
400126,Options,HUMBOLDT PARK,3b,41.9016,-87.7069
400127,Options,AUSTIN,,,
400128,Options,NORTH LAWNDALE,5b,41.8649,-87.7237
400129,Options,GREATER GRAND CROSSING,6b,41.7742,-87.6158
400130,Options,AUBURN GRESHAM,9a,41.7514,-87.6417
400131,Options,WEST TOWN,3b,41.9028,-87.696
400133,Options,LOOP,6b,41.883,-87.6277
400134,Options,LOWER WEST SIDE,,,
400135,Options,SOUTH LAWNDALE,7a,41.8547,-87.6954
400136,Options,PULLMAN,10b,41.7129,-87.5923
400137,Options,KENWOOD,,,
400139,Options,AVALON PARK,10b,41.7463,-87.5785
400141,Options,UPTOWN,4a,41.9653,-87.6592
400142,Options,NEAR WEST SIDE,,,
400143,Options,HUMBOLDT PARK,5b,41.8908,-87.7021
400144,Options,AUSTIN,5a,41.9022,-87.7488
400145,Options,LOWER WEST SIDE,7b,41.8572,-87.6449
400146,Charter,AUSTIN,5a,41.8918,-87.7466
400147,Options,MORGAN PARK,9b,41.692,-87.6537
400148,Options,LOWER WEST SIDE,,,
400149,Charter,GAGE PARK,7b,41.8018,-87.711
400150,Options,CHATHAM,10b,41.7301,-87.607
400151,Charter,EAST GARFIELD PARK,5b,41.8873,-87.7014
400153,Charter,BRIGHTON PARK,7b,41.8131,-87.6932
400156,Charter,PULLMAN,10b,41.7067,-87.6026
400157,Charter,SOUTH CHICAGO,10b,41.7346,-87.5562
400159,Charter,BELMONT CRAGIN,3b,41.9222,-87.7575
400161,Charter,WEST PULLMAN,9b,41.6793,-87.618
400162,Charter,IRVING PARK,3a,41.939,-87.7411
400163,Charter,ENGLEWOOD,9a,41.7936,-87.64
400164,Options,LOWER WEST SIDE,7b,41.8454,-87.6841
400165,Charter,EAST GARFIELD PARK,5b,41.8873,-87.7027
400167,Charter,GAGE PARK,8b,41.7952,-87.684
400168,Charter,SOUTH CHICAGO,10b,41.7427,-87.5599
400169,Charter,BELMONT CRAGIN,3b,41.9173,-87.7597
400170,Charter,NEAR NORTH SIDE,6a,41.9069,-87.6456
400171,Charter,MORGAN PARK,,,
400172,Charter,AVONDALE,3a,41.9357,-87.7182
400173,Options,BRIGHTON PARK,7b,41.8082,-87.7026
400175,Options,SOUTH SHORE,10a,41.7597,-87.5565
400176,Options,CHICAGO LAWN,8a,41.765,-87.691
400177,Charter,NORTH LAWNDALE,,,
400178,Charter,AUSTIN,5a,41.8883,-87.7554
400179,Charter,BRIGHTON PARK,7b,41.808,-87.6971
400180,Charter,HUMBOLDT PARK,5a,41.8938,-87.7266
400181,Charter,SOUTH SHORE,10a,41.76,-87.5833
400182,Network 10,CHICAGO LAWN,8a,41.7702,-87.6931
609674,Network 17,AVALON PARK,10b,41.7372,-87.5733
609676,Network 17,DOUGLAS,6b,41.8402,-87.6176
609678,Network 15,LOOP,8b,41.8731,-87.6277
609679,Network 15,BELMONT CRAGIN,3b,41.9201,-87.761
609680,Network 15,NEAR NORTH SIDE,6a,41.9016,-87.6354
609682,Network 16,NEW CITY,8b,41.8029,-87.6623
609691,Network 15,HUMBOLDT PARK,3b,41.9117,-87.7352
609692,Network 17,CHATHAM,10b,41.7458,-87.6354
609693,Network 15,HUMBOLDT PARK,5b,41.89,-87.7073
609694,Network 15,CLEARING,8a,41.7754,-87.7582
609695,Network 14,LINCOLN SQUARE,2b,41.9751,-87.6795
609698,Network 16,ASHBURN,8a,41.7494,-87.7211
609704,Network 16,SOUTH LAWNDALE,7a,41.8486,-87.7087
609705,Network 17,ROSELAND,9b,41.69,-87.6376
609707,Network 11,ENGLEWOOD,,,
609708,Network 14,PORTAGE PARK,1b,41.9398,-87.7542
609709,Network 16,GAGE PARK,8b,41.791,-87.689
609710,Network 17,ROSELAND,9b,41.7184,-87.6206
609711,Network 11,WEST ENGLEWOOD,,,
609712,Network 17,GREATER GRAND CROSSING,10b,41.7537,-87.6017
609713,Network 17,WOODLAWN,10a,41.7823,-87.5866
609715,Network 16,BRIGHTON PARK,7b,41.8187,-87.6946
609716,Network 14,HERMOSA,3a,41.9279,-87.736
609718,Network 16,GARFIELD RIDGE,8a,41.79,-87.7808
609719,Network 14,LAKE VIEW,4a,41.9548,-87.669
609720,Network 14,NORTH CENTER,4b,41.9466,-87.691
609722,Network 15,EAST GARFIELD PARK,5b,41.8709,-87.6999
609723,Network 15,EAST GARFIELD PARK,5b,41.8784,-87.7081
609724,Network 14,WEST RIDGE,2a,41.9876,-87.7025
609725,Network 16,MORGAN PARK,9b,41.692,-87.6657
609726,ISP,ROSELAND,9b,41.6928,-87.6164
609727,Network 17,DOUGLAS,6b,41.8239,-87.6198
609728,Network 14,ALBANY PARK,3a,41.9648,-87.7148
609729,Network 14,IRVING PARK,1b,41.9464,-87.7356
609730,Network 14,EDGEWATER,2b,41.989,-87.6671
609732,Network 14,BELMONT CRAGIN,1b,41.9356,-87.7835
609733,Network 14,ROGERS PARK,2a,42.0027,-87.6692
609734,Network 14,NORWOOD PARK,1a,41.983,-87.7915
609735,Network 16,NEW CITY,9a,41.8075,-87.643
609737,Network 14,NORTH PARK,2b,41.9732,-87.7134
609738,Network 14,LINCOLN PARK,4b,41.9183,-87.646
609739,Network 17,EAST SIDE,10b,41.6881,-87.5376
609740,Network 15,WEST TOWN,5b,41.899,-87.6675
609741,Network 16,WEST LAWN,8b,41.7805,-87.718
609744,Network 14,NORTH PARK,2a,41.983,-87.7224
609745,ISP,WEST ENGLEWOOD,9a,41.7599,-87.6759
609746,Network 17,KENWOOD,10a,41.8038,-87.5904
609748,Options,SOUTH LAWNDALE,7a,41.8425,-87.6953
609749,Network 14,NORTH PARK,2b,41.9813,-87.7087
609750,Options,NEAR WEST SIDE,7a,41.8644,-87.6687
609751,Network 17,KENWOOD,10a,41.8137,-87.6039
609753,ISP,MOUNT GREENWOOD,9b,41.6912,-87.7178
609754,Network 17,DOUGLAS,6b,41.8306,-87.6192
609755,Network 15,NEAR WEST SIDE,5b,41.8786,-87.6642
609756,Network 15,ARCHER HEIGHTS,7b,41.8031,-87.722
609759,Network 15,WEST TOWN,5a,41.9026,-87.6869
609760,Network 17,RIVERDALE,10b,41.6563,-87.5906
609761,Network 17,PULLMAN,10b,41.7067,-87.6012
609762,Network 16,WASHINGTON HEIGHTS,9b,41.7059,-87.6537
609764,Network 15,LOWER WEST SIDE,7a,41.8527,-87.6643
609766,Network 14,PORTAGE PARK,1b,41.9604,-87.7647
609768,Network 11,ENGLEWOOD,,,
609769,Network 14,NEAR SOUTH SIDE,6b,41.8497,-87.6253
609772,Network 13,EAST SIDE,10b,41.6987,-87.533
609773,Network 4,LAKE VIEW,4b,41.9341,-87.6562
609774,Network 4,LINCOLN PARK,4b,41.9298,-87.6464
609777,ISP,BRIDGEPORT,7b,41.8339,-87.6507
609779,ISP,WEST RIDGE,2a,42.0101,-87.6844
609780,Network 14,LOGAN SQUARE,3b,41.916,-87.7217
609782,Network 4,NORTH CENTER,4b,41.9451,-87.681
609783,Options,NEAR WEST SIDE,5b,41.8678,-87.6804
609786,Network 12,AVALON PARK,10b,41.7482,-87.5917
609788,Network 10,BEVERLY,9b,41.7051,-87.6581
609789,Network 4,HERMOSA,3a,41.9325,-87.7394
609790,Network 11,AUBURN GRESHAM,9a,41.7542,-87.6709
609791,Network 11,ENGLEWOOD,9a,41.7742,-87.6535
609792,Network 1,IRVING PARK,2b,41.9582,-87.7022
609793,Network 11,ENGLEWOOD,9a,41.7849,-87.6475
609794,Network 1,ALBANY PARK,2b,41.9715,-87.7093
609795,ISP,AUSTIN,5a,41.8678,-87.7704
609796,Network 1,JEFFERSON PARK,1a,41.9724,-87.7576
609797,Network 5,EAST GARFIELD PARK,5b,41.8853,-87.7059
609798,Network 1,IRVING PARK,1b,41.9589,-87.734
609799,Network 4,NORTH CENTER,4b,41.9495,-87.686
609800,Network 13,ROSELAND,9b,41.7104,-87.6174
609803,Network 4,LAKE VIEW,4a,41.9508,-87.665
609804,Network 2,WEST RIDGE,2a,42.0034,-87.6975
609805,Network 11,AUBURN GRESHAM,9a,41.7493,-87.6694
609806,Network 12,SOUTH SHORE,10a,41.7544,-87.5571
609807,Network 10,ASHBURN,8a,41.7535,-87.7087
609808,Network 13,ROSELAND,9b,41.6867,-87.6336
609809,Network 4,LOGAN SQUARE,3a,41.931,-87.6963
609810,Network 1,DUNNING,1b,41.9491,-87.7987
609811,Network 13,SOUTH DEERING,10b,41.6997,-87.5621
609812,Network 6,NEAR WEST SIDE,5b,41.883,-87.6707
609813,Network 12,GREATER GRAND CROSSING,6b,41.7716,-87.6217
609815,Network 12,SOUTH SHORE,10a,41.7608,-87.5761
609817,ISP,LINCOLN SQUARE,2b,41.9758,-87.6966
609818,Network 3,BELMONT CRAGIN,5a,41.9176,-87.7827
609819,Network 9,WASHINGTON PARK,6b,41.7968,-87.6161
609820,Network 4,LAKE VIEW,4b,41.9379,-87.6699
609821,Network 13,SOUTH DEERING,10b,41.7144,-87.5671
609826,Network 7,SOUTH LAWNDALE,,,
609827,Network 12,CHATHAM,10b,41.7285,-87.6074
609828,Network 6,WEST TOWN,4b,41.9124,-87.6687
609829,Network 8,BRIGHTON PARK,8b,41.8289,-87.6925
609830,Network 3,AUSTIN,5a,41.8977,-87.7656
609832,Network 10,GARFIELD RIDGE,8a,41.795,-87.7915
609833,ISP,AVALON PARK,10b,41.7392,-87.5807
609834,ISP,SOUTH LAWNDALE,7a,41.8437,-87.7173
609835,Network 5,HUMBOLDT PARK,3b,41.9038,-87.7179
609836,Network 1,DUNNING,1a,41.948,-87.8293
609837,Network 9,WOODLAWN,10a,41.7834,-87.5908
609839,Network 10,ASHBURN,8a,41.7425,-87.696
609842,ISP,GAGE PARK,8b,41.7933,-87.6878
609844,Network 9,WASHINGTON PARK,6b,41.7898,-87.6225
609845,Network 13,RIVERDALE,10b,41.6525,-87.5995
609848,Network 13,RIVERDALE,10b,41.6574,-87.6065
609849,ISP,MOUNT GREENWOOD,9b,41.6873,-87.7032
609850,Network 4,LAKE VIEW,4a,41.9528,-87.651
609851,Network 5,NORTH LAWNDALE,5b,41.8664,-87.6953
609852,Network 2,LINCOLN SQUARE,2b,41.9759,-87.6833
609853,Network 4,LOGAN SQUARE,3b,41.918,-87.6946
609854,Network 5,WEST TOWN,5a,41.8967,-87.6889
609855,Network 8,GAGE PARK,8b,41.8017,-87.6856
609856,Network 13,HEGEWISCH,10b,41.6546,-87.5446
609857,Network 1,IRVING PARK,3a,41.952,-87.7064
609859,ISP,WEST RIDGE,2a,41.9925,-87.6984
609861,Network 10,MORGAN PARK,9b,41.693,-87.6809
609862,Network 12,SOUTH CHICAGO,10b,41.7414,-87.566
609863,ISP,WEST TOWN,5a,41.8996,-87.6819
609864,Network 11,AUBURN GRESHAM,9a,41.7452,-87.6598
609865,Network 2,ROGERS PARK,2a,42.0171,-87.6778
609866,Network 2,NORTH CENTER,4b,41.9556,-87.6838
609867,Network 7,LOWER WEST SIDE,7a,41.856,-87.6672
609869,Network 11,WEST ENGLEWOOD,9a,41.7847,-87.6572
609870,ISP,SOUTH LAWNDALE,7a,41.8456,-87.7312
609871,Network 10,MORGAN PARK,9b,41.6882,-87.6857
609872,Network 7,LOWER WEST SIDE,7a,41.856,-87.658
609873,Network 5,NORTH LAWNDALE,5b,41.8527,-87.7125
609874,Network 1,OHARE,1a,41.9737,-87.841
609875,Network 4,LOGAN SQUARE,3b,41.9233,-87.7054
609876,Network 8,BRIGHTON PARK,7b,41.8219,-87.7002
609879,Network 10,ASHBURN,8a,41.7451,-87.7174
609880,Network 2,WEST RIDGE,2a,42.0093,-87.7046
609883,Network 12,GREATER GRAND CROSSING,6b,41.7625,-87.6233
609884,Network 1,DUNNING,1a,41.9426,-87.8131
609885,Network 8,NEW CITY,9a,41.7956,-87.6427
609887,Network 12,CHATHAM,10b,41.7437,-87.61
609888,AUSL,HUMBOLDT PARK,,,
609891,Network 9,DOUGLAS,10a,41.8311,-87.6123
609893,Network 10,CLEARING,8a,41.7739,-87.7994
609894,Network 9,DOUGLAS,8b,41.844,-87.6286
609895,ISP,ROSELAND,9b,41.7256,-87.6302
609896,Network 6,LOGAN SQUARE,4b,41.9159,-87.6745
609897,Network 11,WEST ENGLEWOOD,9a,41.7812,-87.6755
609898,Network 10,CHICAGO LAWN,8b,41.7744,-87.708
609899,Network 1,EDISON PARK,1a,42.0044,-87.8112
609900,Network 13,ROSELAND,9b,41.6854,-87.6217
609901,Network 1,FOREST GLEN,1a,41.9994,-87.7618
609902,Network 13,WEST PULLMAN,9b,41.6694,-87.6343
609903,Network 8,ARCHER HEIGHTS,7b,41.8055,-87.7259
609904,Network 3,AUSTIN,5a,41.8855,-87.7666
609907,Network 5,EAST GARFIELD PARK,5b,41.8757,-87.7158
609908,Network 10,MORGAN PARK,9b,41.6894,-87.6692
609909,ISP,MCKINLEY PARK,7b,41.8316,-87.6813
609910,Network 3,BELMONT CRAGIN,3a,41.9358,-87.7493
609912,Network 1,JEFFERSON PARK,1a,41.9798,-87.7661
609917,Network 13,WASHINGTON HEIGHTS,9b,41.7112,-87.6404
609918,Network 2,ROGERS PARK,2a,42.0097,-87.67
609919,Network 9,WOODLAWN,6b,41.7852,-87.6086
609920,Network 7,SOUTH LAWNDALE,7a,41.8508,-87.7051
609921,Network 7,SOUTH LAWNDALE,7a,41.8479,-87.696
609922,Network 3,BELMONT CRAGIN,1b,41.9242,-87.7817
609924,Network 11,WASHINGTON HEIGHTS,9a,41.7297,-87.6555
609925,Network 5,EAST GARFIELD PARK,5b,41.8702,-87.7022
609926,Network 4,NEAR NORTH SIDE,6a,41.9066,-87.6355
609927,Network 11,AUBURN GRESHAM,9a,41.7384,-87.6681
609928,Network 9,GRAND BOULEVARD,10a,41.818,-87.6118
609929,Network 8,NEW CITY,9a,41.7976,-87.6684
609930,Network 4,LOGAN SQUARE,3b,41.9176,-87.7169
609933,Network 2,ROGERS PARK,2a,42.0211,-87.6719
609935,Network 13,EAST SIDE,10b,41.7068,-87.5352
609937,Network 1,NORWOOD PARK,1a,41.9764,-87.7962
609938,Network 7,SOUTH LAWNDALE,7a,41.8371,-87.7187
609939,Network 12,ROSELAND,9b,41.7253,-87.6237
609941,Network 11,WEST ENGLEWOOD,9a,41.7606,-87.676
609942,Network 4,LOGAN SQUARE,3b,41.9228,-87.6929
609943,Network 13,WEST PULLMAN,9b,41.6706,-87.6225
609944,Network 13,HEGEWISCH,10b,41.6625,-87.5533
609945,Network 2,UPTOWN,4a,41.9758,-87.6579
609947,Network 6,NEW CITY,9a,41.8133,-87.6433
609949,Network 1,PORTAGE PARK,1b,41.9488,-87.7571
609950,Network 7,SOUTH LAWNDALE,7a,41.8388,-87.7172
609951,Network 9,KENWOOD,10a,41.8112,-87.5975
609952,Network 8,MCKINLEY PARK,8b,41.8297,-87.6715
609954,Network 5,EAST GARFIELD PARK,5b,41.8707,-87.7187
609955,Network 11,AUBURN GRESHAM,9a,41.7389,-87.645
609956,Network 10,CLEARING,8a,41.7755,-87.7588
609958,ISP,BRIGHTON PARK,7b,41.813,-87.6994
609959,Network 6,ARMOUR SQUARE,7b,41.85,-87.6338
609960,Network 10,CLEARING,8a,41.7802,-87.7766
609961,Network 12,SOUTH CHICAGO,10b,41.7438,-87.5519
609963,Network 4,LAKE VIEW,4a,41.9452,-87.6709
609964,Network 8,NEW CITY,8b,41.8072,-87.6612
609966,Network 7,SOUTH LAWNDALE,7a,41.8527,-87.6962
609967,Network 7,LOWER WEST SIDE,7a,41.8492,-87.6857
609968,Network 4,HERMOSA,3b,41.9148,-87.7239
609969,Network 9,HYDE PARK,10a,41.7934,-87.5869
609971,Network 11,GREATER GRAND CROSSING,9a,41.7573,-87.6327
609972,ISP,ALBANY PARK,3a,41.964,-87.7231
609973,Network 7,SOUTH LAWNDALE,7a,41.8414,-87.7343
609974,Network 4,LAKE VIEW,4a,41.9423,-87.6577
609975,Network 3,AUSTIN,5a,41.8992,-87.7558
609976,Network 2,EDGEWATER,2b,41.9945,-87.6685
609977,Network 9,WOODLAWN,10a,41.7734,-87.5944
609978,Network 13,PULLMAN,10b,41.7076,-87.6047
609979,Network 6,BRIDGEPORT,7b,41.8396,-87.6403
609981,Network 10,GARFIELD RIDGE,7a,41.8082,-87.7457
609983,Network 8,NEW CITY,8b,41.8071,-87.6733
609985,Network 5,WEST GARFIELD PARK,5b,41.8787,-87.7358
609986,Network 8,WEST ENGLEWOOD,9a,41.7906,-87.6719
609987,Network 9,FULLER PARK,6b,41.8158,-87.6337
609988,Network 1,IRVING PARK,3a,41.959,-87.7156
609990,ISP,NEAR SOUTH SIDE,8b,41.8597,-87.6283
609991,Network 7,NORTH LAWNDALE,5b,41.8621,-87.719
609993,ISP,NEW CITY,8b,41.8098,-87.6722
609994,Network 1,ALBANY PARK,2b,41.9703,-87.7104
609995,Network 1,NORWOOD PARK,1a,41.9837,-87.7791
609996,ISP,BRIDGEPORT,7b,41.838,-87.6538
609997,Network 8,ENGLEWOOD,9a,41.7938,-87.6498
610000,Network 3,AUSTIN,5a,41.8936,-87.7594
610002,Network 12,CALUMET HEIGHTS,10b,41.7333,-87.5682
610003,Network 11,AUBURN GRESHAM,9a,41.7425,-87.6536
610004,Network 13,ROSELAND,9b,41.7003,-87.6112
610005,Network 7,NORTH LAWNDALE,5b,41.8605,-87.7318
610006,Network 10,WEST LAWN,8a,41.7668,-87.7195
610009,Network 6,NEAR WEST SIDE,7a,41.8713,-87.6534
610010,Network 4,NORTH CENTER,4b,41.9392,-87.6758
610011,Network 2,WEST RIDGE,2a,41.9846,-87.7005
610012,Network 6,NEAR NORTH SIDE,,,
610013,Network 7,LOWER WEST SIDE,7a,41.8588,-87.6622
610015,ISP,LOWER WEST SIDE,7a,41.8581,-87.6523
610016,Network 10,BEVERLY,9b,41.7253,-87.6772
610017,Network 7,SOUTH LAWNDALE,7a,41.8479,-87.6973
610019,Network 11,ENGLEWOOD,9a,41.7765,-87.6409
610021,Network 5,HUMBOLDT PARK,3b,41.9045,-87.7142
610022,Network 2,ROGERS PARK,2a,42.0036,-87.6682
610024,ISP,SOUTH LAWNDALE,7a,41.8485,-87.716
610026,ISP,GARFIELD RIDGE,8a,41.79,-87.7795
610027,ISP,WASHINGTON HEIGHTS,9b,41.7236,-87.6395
610029,Network 6,WEST TOWN,6a,41.9089,-87.6651
610030,Network 9,HYDE PARK,6b,41.798,-87.6025
610032,Network 11,WASHINGTON HEIGHTS,9b,41.7193,-87.6525
610033,Network 4,LINCOLN PARK,4b,41.9139,-87.6376
610034,Network 5,NORTH LAWNDALE,5b,41.863,-87.713
610036,Network 3,AUSTIN,5a,41.9068,-87.7545
610037,Network 8,NEW CITY,9a,41.7977,-87.6599
610038,Network 4,LINCOLN PARK,4b,41.9245,-87.6445
610039,Network 4,AVONDALE,3a,41.94,-87.7026
610040,Network 3,BELMONT CRAGIN,3b,41.9188,-87.7485
610041,Network 3,MONTCLARE,1b,41.9318,-87.7956
610043,Network 3,AUSTIN,5a,41.9127,-87.7839
610044,Network 5,HUMBOLDT PARK,3b,41.9065,-87.7102
610046,Network 3,BELMONT CRAGIN,1b,41.9342,-87.7772
610047,Network 12,SOUTH SHORE,10a,41.7595,-87.5907
610048,Network 4,NEAR NORTH SIDE,6a,41.9082,-87.6398
610051,Network 3,BELMONT CRAGIN,3b,41.9206,-87.7579
610052,Network 12,SOUTH CHICAGO,10b,41.7483,-87.5748
610053,Network 10,CHICAGO LAWN,8b,41.7739,-87.697
610054,Network 13,SOUTH DEERING,10b,41.7166,-87.5525
610055,Network 5,EAST GARFIELD PARK,5b,41.8797,-87.7081
610056,Network 7,NORTH LAWNDALE,5b,41.855,-87.7298
610057,Network 10,CHICAGO LAWN,8b,41.7809,-87.6921
610059,Network 4,LINCOLN PARK,4b,41.9232,-87.6573
610060,Network 6,NEAR WEST SIDE,7a,41.8743,-87.661
610062,Network 6,BRIDGEPORT,8b,41.83,-87.6411
610063,Network 7,SOUTH LAWNDALE,7a,41.8423,-87.7063
610065,Network 9,WOODLAWN,6b,41.7754,-87.6094
610066,Network 12,CHATHAM,10b,41.7345,-87.6192
610067,Network 10,CHICAGO LAWN,8a,41.7681,-87.6918
610068,Network 3,BELMONT CRAGIN,3b,41.924,-87.7615
610070,Network 2,LINCOLN SQUARE,2b,41.9678,-87.6763
610073,ISP,WEST TOWN,5a,41.8921,-87.6832
610074,Network 4,LOGAN SQUARE,3a,41.93,-87.7192
610075,Network 6,NEAR WEST SIDE,,,
610076,Network 5,WEST TOWN,3b,41.9125,-87.6969
610077,Network 10,CHICAGO LAWN,8b,41.7843,-87.6885
610078,Network 4,LAKE VIEW,4a,41.949,-87.6516
610081,ISP,BRIDGEPORT,7b,41.8444,-87.6413
610082,ISP,MOUNT GREENWOOD,9b,41.6957,-87.7058
610083,Network 1,NORWOOD PARK,1a,41.9701,-87.7896
610084,Network 10,MOUNT GREENWOOD,9b,41.6972,-87.6973
610086,Network 13,WASHINGTON HEIGHTS,9b,41.702,-87.6477
610087,Network 10,CLEARING,8a,41.7766,-87.7906
610088,Network 4,LOGAN SQUARE,3b,41.9209,-87.7219
610089,Network 1,IRVING PARK,3a,41.9501,-87.7168
610090,Network 9,HYDE PARK,10a,41.7985,-87.5933
610091,Network 13,WEST PULLMAN,9b,41.6649,-87.639
610092,Network 3,AUSTIN,5a,41.8918,-87.7479
610093,Network 12,CHATHAM,10b,41.7384,-87.6209
610094,Network 4,LAKE VIEW,4a,41.9416,-87.6446
610095,Network 4,LINCOLN PARK,4b,41.9139,-87.646
610096,Network 8,GAGE PARK,7b,41.7977,-87.6891
610097,Network 4,HERMOSA,3b,41.9196,-87.7314
610098,ISP,HUMBOLDT PARK,3b,41.9062,-87.73
610099,Network 1,NORWOOD PARK,1a,41.9882,-87.803
610100,Network 5,HUMBOLDT PARK,3b,41.9069,-87.7324
610101,Network 15,NEAR NORTH SIDE,6a,41.9,-87.6293
610102,Network 11,AUBURN GRESHAM,9a,41.7547,-87.6455
610103,Network 12,SOUTH SHORE,10a,41.7686,-87.5728
610104,Network 1,NORWOOD PARK,1a,41.9938,-87.7931
610105,Network 1,NORWOOD PARK,1a,41.9785,-87.8121
610106,Network 5,HUMBOLDT PARK,3b,41.9001,-87.7313
610107,Network 6,WEST TOWN,5b,41.8918,-87.6654
610108,Network 11,WEST ENGLEWOOD,9a,41.7746,-87.6749
610109,Network 10,ASHBURN,8a,41.7428,-87.7057
610110,Network 9,DOUGLAS,6b,41.8274,-87.6198
610111,ISP,ALBANY PARK,1b,41.9733,-87.7392
610112,Network 11,ENGLEWOOD,6b,41.7708,-87.6341
610115,Network 12,GREATER GRAND CROSSING,6b,41.7665,-87.6115
610116,Network 12,SOUTH SHORE,10a,41.7686,-87.583
610117,Network 8,WEST ELSDON,8a,41.7869,-87.7327
610120,ISP,WEST ELSDON,7b,41.7879,-87.7192
610121,Network 6,NEAR WEST SIDE,5b,41.8716,-87.6836
610122,ISP,EDGEWATER,2b,41.9835,-87.6659
610123,Network 7,NORTH LAWNDALE,5b,41.8584,-87.7224
610124,Network 12,BURNSIDE,10b,41.7285,-87.5963
610125,Network 7,LOWER WEST SIDE,7a,41.8481,-87.6807
610126,Network 9,DOUGLAS,6b,41.8365,-87.6183
610127,Network 1,NORTH PARK,2b,41.9816,-87.7126
610128,Network 13,WASHINGTON HEIGHTS,9b,41.7066,-87.6476
610129,Network 7,LOWER WEST SIDE,7a,41.8529,-87.6833
610130,Network 12,CHATHAM,10b,41.7403,-87.6079
610131,ISP,NORTH LAWNDALE,5b,41.8603,-87.6925
610132,Network 13,PULLMAN,10b,41.7026,-87.6064
610133,Network 5,HUMBOLDT PARK,5a,41.8932,-87.7188
610135,Network 1,PORTAGE PARK,1b,41.957,-87.761
610136,Network 4,LINCOLN PARK,4b,41.9288,-87.6695
610137,Network 1,PORTAGE PARK,1a,41.9656,-87.7724
610138,Network 6,LOGAN SQUARE,6a,41.9185,-87.6838
610139,Network 13,PULLMAN,10b,41.6888,-87.6094
610141,Network 2,LAKE VIEW,4a,41.9607,-87.6709
610142,Network 9,HYDE PARK,10a,41.7923,-87.5948
610143,Network 9,KENWOOD,10a,41.8042,-87.6049
610144,Network 4,AVONDALE,3a,41.9411,-87.7195
610145,Network 1,PORTAGE PARK,1b,41.943,-87.769
610146,Network 12,GREATER GRAND CROSSING,10a,41.7642,-87.6002
610147,ISP,WEST RIDGE,2a,42.0153,-87.6972
610148,ISP,NEW CITY,8b,41.8071,-87.666
610152,Network 12,GREATER GRAND CROSSING,10a,41.7519,-87.6181
610153,Network 11,AUBURN GRESHAM,9a,41.7354,-87.6388
610155,Network 1,FOREST GLEN,1a,41.9912,-87.746
610157,Network 8,GAGE PARK,7b,41.7975,-87.705
610158,Network 3,AUSTIN,5a,41.9142,-87.7987
610159,Network 1,IRVING PARK,3a,41.9417,-87.7322
610163,Network 1,EDISON PARK,1a,42.0169,-87.8142
610165,Network 3,BELMONT CRAGIN,3b,41.9304,-87.7612
610167,Network 8,NEW CITY,8b,41.8103,-87.6688
610170,ISP,BRIGHTON PARK,7b,41.8111,-87.7042
610171,Network 12,SOUTH CHICAGO,10b,41.7317,-87.5528
610172,Network 8,NEW CITY,9a,41.7998,-87.6502
610173,ISP,ENGLEWOOD,6b,41.7908,-87.6323
610174,Network 8,BRIGHTON PARK,7b,41.8159,-87.6896
610175,Network 9,KENWOOD,10a,41.8043,-87.5939
610176,Network 13,MORGAN PARK,9b,41.6909,-87.6587
610177,Network 6,NEAR WEST SIDE,5b,41.8791,-87.6594
610178,Network 12,PULLMAN,10b,41.717,-87.5969
610179,Network 1,PORTAGE PARK,1b,41.9589,-87.782
610180,Network 6,NEAR WEST SIDE,7a,41.8654,-87.6534
610182,Network 1,NORTH PARK,1a,41.9939,-87.724
610183,Network 3,AUSTIN,5a,41.8849,-87.7504
610184,Network 7,SOUTH LAWNDALE,7a,41.8477,-87.7002
610185,Network 10,ASHBURN,8a,41.7471,-87.7317
610188,Network 13,ROSELAND,9b,41.6965,-87.64
610191,Network 2,WEST RIDGE,2a,41.9954,-87.6848
610192,Network 5,HUMBOLDT PARK,3b,41.9119,-87.7133
610193,Network 12,SOUTH CHICAGO,10b,41.7438,-87.5429
610194,Network 5,WEST GARFIELD PARK,5b,41.8708,-87.7335
610195,Network 10,BEVERLY,9b,41.7114,-87.6768
610196,Network 2,EDGEWATER,2b,41.9891,-87.6583
610197,Network 6,WEST TOWN,5b,41.8924,-87.6737
610198,Network 13,EAST SIDE,10b,41.7155,-87.533
610199,Network 13,WEST PULLMAN,9b,41.6775,-87.6581
610200,Network 12,SOUTH CHICAGO,10b,41.7333,-87.5443
610201,ISP,DUNNING,1b,41.9486,-87.7776
610202,Network 5,WEST GARFIELD PARK,5b,41.8841,-87.7306
610203,Network 8,GAGE PARK,7b,41.7875,-87.7082
610206,Network 10,GARFIELD RIDGE,8a,41.799,-87.7589
610207,Network 10,BEVERLY,9b,41.7208,-87.6656
610208,Network 13,ROSELAND,9b,41.6963,-87.6271
610209,Network 1,ALBANY PARK,2b,41.9716,-87.7246
610212,Network 1,ALBANY PARK,2b,41.9715,-87.7106
610213,Network 9,WOODLAWN,6b,41.7735,-87.601
610215,Network 7,SOUTH LAWNDALE,7a,41.841,-87.7051
610216,Network 7,LOWER WEST SIDE,7a,41.8548,-87.6481
610217,Network 6,ARMOUR SQUARE,7b,41.844,-87.6354
610218,Network 12,CALUMET HEIGHTS,10b,41.7268,-87.5754
610219,Network 13,EAST SIDE,10b,41.6881,-87.536
610220,Network 2,LINCOLN SQUARE,2b,41.9644,-87.6913
610221,Network 5,WEST GARFIELD PARK,5b,41.8699,-87.7275
610223,Network 11,WEST ENGLEWOOD,9a,41.7651,-87.6582
610225,Network 13,WEST PULLMAN,9b,41.6839,-87.6554
610226,ISP,GAGE PARK,7b,41.7923,-87.711
610227,Network 7,SOUTH LAWNDALE,7a,41.8401,-87.7255
610228,Network 7,LOWER WEST SIDE,7a,41.8505,-87.6734
610229,Network 6,WEST TOWN,6a,41.9071,-87.6778
610230,Network 1,FOREST GLEN,1a,42.0075,-87.7783
610231,Network 6,NEAR SOUTH SIDE,8b,41.8528,-87.6293
610234,Network 5,LOGAN SQUARE,3b,41.915,-87.7003
610235,Network 3,AUSTIN,5a,41.9068,-87.7671
610237,Network 9,GRAND BOULEVARD,6b,41.8091,-87.6271
610238,Network 11,ENGLEWOOD,9a,41.7654,-87.653
610239,Network 8,NEW CITY,8b,41.8023,-87.6722
610242,Network 2,UPTOWN,4a,41.96,-87.6497
610244,ISP,AUSTIN,5a,41.8729,-87.7533
610245,Network 15,AUSTIN,5a,41.8904,-87.7677
610246,Network 9,WASHINGTON PARK,6b,41.7985,-87.6257
610248,Network 1,DUNNING,1b,41.9431,-87.7782
610249,ISP,GAGE PARK,7b,41.794,-87.6903
610250,ISP,NEAR NORTH SIDE,6a,41.9014,-87.6336
610251,Network 5,EAST GARFIELD PARK,5b,41.8829,-87.6992
610252,Network 6,NEAR WEST SIDE,5b,41.8799,-87.6803
610254,Network 7,NORTH LAWNDALE,5b,41.8589,-87.7157
610256,Network 9,OAKLAND,10a,41.8173,-87.5991
610257,Network 5,HUMBOLDT PARK,5b,41.8892,-87.7051
610263,Network 9,GREATER GRAND CROSSING,6b,41.7799,-87.6172
610268,Network 12,CHATHAM,10b,41.7402,-87.6012
610269,Network 2,UPTOWN,4a,41.9709,-87.6548
610271,Network 5,EAST GARFIELD PARK,5b,41.8738,-87.7022
610274,Network 5,NORTH LAWNDALE,5b,41.8618,-87.7031
610276,Network 9,GRAND BOULEVARD,6b,41.8144,-87.6166
610279,Network 12,GREATER GRAND CROSSING,6b,41.7607,-87.6068
610281,Network 12,SOUTH SHORE,10a,41.7603,-87.5568
610282,Network 3,AUSTIN,5a,41.8978,-87.7467
610284,Network 2,ROGERS PARK,2a,42.0077,-87.6732
610287,Network 10,ASHBURN,8a,41.7424,-87.7096
610290,Network 11,ENGLEWOOD,9a,41.7727,-87.6373
610291,ISP,WEST LAWN,8a,41.7753,-87.7289
610293,Network 5,WEST GARFIELD PARK,5b,41.8788,-87.7247
610295,Network 13,WEST PULLMAN,9b,41.681,-87.647
610298,ISP,CHATHAM,10b,41.7472,-87.628
610299,Network 11,ENGLEWOOD,9a,41.7653,-87.6413
610300,Network 11,CHATHAM,10b,41.7489,-87.6348
610304,ISP,NEAR WEST SIDE,5b,41.8791,-87.687
610305,Network 3,AUSTIN,5a,41.8736,-87.7493
610308,Network 6,NEAR WEST SIDE,5b,41.8839,-87.6681
610312,ISP,CALUMET HEIGHTS,10b,41.7331,-87.5896
610313,Network 5,WEST TOWN,6a,41.9053,-87.6858
610315,Network 13,WEST PULLMAN,9b,41.6723,-87.6505
610316,Network 12,CALUMET HEIGHTS,10b,41.7261,-87.5822
610317,Network 8,BRIGHTON PARK,8b,41.8239,-87.6921
610319,Network 8,MCKINLEY PARK,8b,41.8294,-87.6678
610321,Network 1,IRVING PARK,,,
610323,Network 17,SOUTH CHICAGO,10b,41.7346,-87.5576
610325,Network 4,AVONDALE,3a,41.934,-87.708
610329,Network 7,LOWER WEST SIDE,7a,41.8578,-87.6752
610334,Network 15,EAST GARFIELD PARK,5b,41.8862,-87.7154
610339,Network 11,ENGLEWOOD,9a,41.7589,-87.6492
610340,Network 14,DUNNING,1b,41.9431,-87.7768
610342,Network 6,WEST TOWN,6a,41.9068,-87.683
610345,Network 9,GRAND BOULEVARD,6b,41.8145,-87.6084
610347,Network 10,CHICAGO LAWN,9a,41.7775,-87.6811
610350,Network 12,CALUMET HEIGHTS,10b,41.7297,-87.5766
610352,Network 10,ASHBURN,8a,41.7388,-87.73
610353,Network 8,BRIGHTON PARK,7b,41.8244,-87.7117
610354,Network 1,ALBANY PARK,3a,41.9664,-87.7212
610355,Network 2,UPTOWN,4a,41.9623,-87.6639
610357,Network 16,SOUTH LAWNDALE,7a,41.8478,-87.6989
610362,Network 11,WASHINGTON HEIGHTS,9b,41.7157,-87.6393
610363,Network 2,UPTOWN,4a,41.9568,-87.6461
610364,Network 13,RIVERDALE,10b,41.6537,-87.6143
610366,ISP,WASHINGTON HEIGHTS,9b,41.7162,-87.648
610367,Network 3,AUSTIN,5a,41.878,-87.7663
610368,Network 13,ROSELAND,9b,41.7053,-87.6299
610369,Network 11,AUBURN GRESHAM,9a,41.7341,-87.6468
610380,Network 17,GRAND BOULEVARD,6b,41.8061,-87.625
610381,Network 17,GRAND BOULEVARD,6b,41.8052,-87.625
610383,Network 15,SOUTH LAWNDALE,7a,41.8335,-87.7353
610384,Network 15,SOUTH LAWNDALE,7a,41.8362,-87.7353
610385,Network 15,SOUTH LAWNDALE,7a,41.8353,-87.7353
610386,Options,NEW CITY,8b,41.8035,-87.6674
610389,Network 15,HUMBOLDT PARK,5a,41.8945,-87.7267
610390,ISP,PORTAGE PARK,1b,41.9576,-87.7699
610391,Network 16,WEST ENGLEWOOD,9a,41.782,-87.6717
610392,Network 15,SOUTH LAWNDALE,7a,41.8344,-87.7353
610394,Network 14,UPTOWN,4a,41.9655,-87.6525
610396,Network 10,CHICAGO LAWN,8a,41.7644,-87.7064
610402,Network 14,LINCOLN SQUARE,2b,41.9688,-87.6763
610405,Network 6,NEAR WEST SIDE,5b,41.8832,-87.6776
610499,Network 15,NORTH LAWNDALE,5b,41.8641,-87.702
610501,Network 3,AUSTIN,,,
610502,SLA,NEAR WEST SIDE,,,
610503,ISP,NORTH LAWNDALE,5b,41.867,-87.7272
610504,ISP,MCKINLEY PARK,8b,41.8278,-87.6775
610506,Network 11,ENGLEWOOD,,,
610513,Network 16,ARMOUR SQUARE,8b,41.8281,-87.6328
610515,Network 14,IRVING PARK,1b,41.9505,-87.7307
610518,Network 15,AUSTIN,5a,41.886,-87.7619
610520,ISP,WEST TOWN,5a,41.9029,-87.6737
610521,ISP,WEST ENGLEWOOD,9a,41.7712,-87.6665
610523,Network 1,NORWOOD PARK,1a,41.9942,-87.8138
610524,Network 15,NORTH CENTER,4b,41.9358,-87.6806
610529,Network 15,WEST TOWN,5b,41.8935,-87.6594
610530,Network 12,SOUTH SHORE,10a,41.7678,-87.5904
610532,ISP,GAGE PARK,7b,41.7935,-87.7114
610533,Network 3,BELMONT CRAGIN,3b,41.9213,-87.7658
610534,Network 4,NEAR NORTH SIDE,6a,41.9051,-87.6448
610539,ISP,BELMONT CRAGIN,1b,41.9349,-87.7701
610541,Network 4,AVONDALE,3a,41.94,-87.7248
610542,ISP,WEST RIDGE,2a,42.003,-87.7059
610543,Network 15,GAGE PARK,7b,41.7952,-87.7111
610544,ISP,WEST LAWN,8a,41.7711,-87.7399
610547,Network 17,SOUTH SHORE,10b,41.7588,-87.5764
610548,ISP,NEAR WEST SIDE,7a,41.8686,-87.665
610555,Options,AUSTIN,,,
610557,Options,ASHBURN,8a,41.7352,-87.7041
610558,Network 16,ASHBURN,8a,41.7537,-87.7073
610559,ISP,BRIGHTON PARK,8b,41.8065,-87.6898
610561,Network 15,NEAR WEST SIDE,5b,41.8769,-87.6833
610563,ISP,NEW CITY,8b,41.8084,-87.6775
610564,Network 14,IRVING PARK,1b,41.9525,-87.7214
610565,Options,ENGLEWOOD,9a,41.7639,-87.6491
610566,Options,NORTH LAWNDALE,,,
610567,Options,MORGAN PARK,,,
610568,Options,AVONDALE,3a,41.9394,-87.7052
610569,Options,EDISON PARK,1a,42.0172,-87.8067
610570,Options,CHICAGO LAWN,8b,41.783,-87.6836
610571,Options,NORTH LAWNDALE,5b,41.8664,-87.7061
610572,Options,SOUTH SHORE,10a,41.7531,-87.5505
610573,Options,SOUTH SHORE,10a,41.7531,-87.5518
610574,Options,SOUTH SHORE,,,
610580,Options,WEST TOWN,,,
610581,Options,WASHINGTON HEIGHTS,,,
610582,Options,ENGLEWOOD,,,
610584,Options,WEST GARFIELD PARK,,,
610585,Options,WEST GARFIELD PARK,,,
610586,Network 13,EAST SIDE,10b,41.7049,-87.528
610587,Network 17,WASHINGTON PARK,6b,41.8012,-87.6122
610588,Network 10,WEST LAWN,8a,41.7838,-87.7254
610589,Network 8,WEST ELSDON,8a,41.7915,-87.7245
610590,Network 9,GRAND BOULEVARD,6b,41.8192,-87.6266
610592,Network 16,ENGLEWOOD,6b,41.7702,-87.6369
610593,Options,MORGAN PARK,9b,41.6951,-87.6428
610594,Options,WEST TOWN,5a,41.9028,-87.6879
610595,Network 4,LINCOLN PARK,4b,41.916,-87.6346
610596,ISP,NEAR WEST SIDE,7a,41.8635,-87.6595
610597,ISP,NEAR WEST SIDE,7a,41.8635,-87.6599
610599,Network 1,PORTAGE PARK,1b,41.962,-87.7578
610601,Options,WEST GARFIELD PARK,5b,41.8843,-87.7392
